"No.","Channel Name","Receive Frequency","Transmit Frequency","Channel Type","Transmit Power","Band Width","CTCSS/DCS Decode","CTCSS/DCS Encode","Contact","Contact Call Type","Contact TG/DMR ID","Radio ID","Busy Lock/TX Permit","Squelch Mode","Optional Signal","DTMF ID","2Tone ID","5Tone ID","PTT ID","Color Code","Slot","Scan List","Receive Group List","PTT Prohibit","Reverse","Simplex TDMA","Slot Suit","AES Digital Encryption","Digital Encryption","Call Confirmation","Talk Around(Simplex)","Work Alone","Custom CTCSS","2TONE Decode","Ranging","Through Mode","APRS RX","Analog APRS PTT Mode","Digital APRS PTT Mode","APRS Report Type","Digital APRS Report Channel","Correct Frequency[Hz]","SMS Confirmation","Exclude channel from roaming","DMR MODE","DataACK Disable","R5toneBot","R5ToneEot","Auto Scan","Ana Aprs Mute","Send Talker Alias","AnaAprsTxPath","ARC4","ex_emg_kind"
"1","CQ0DUE","438.21250","430.61250","A-Analog","High","25K","Off","114.8","Portugal","Group Call","268","CT0ZZZ","Off","Carrier","Off","1","1","1","Off","1","1","None","None","Off","Off","Off","Off","Normal Encryption","Off","Off","Off","Off","251.1","1","Off","On","Off","Off","Off","Off","1","0","Off","0","0","0","0","0","0","0","0","0","0","0"
"2","CQ0ULO","438.85000","431.25000","A-Analog","High","25K","Off","131.8","Portugal","Group Call","268","CT0ZZZ","Off","Carrier","Off","1","1","1","Off","1","1","None","None","Off","Off","Off","Off","Normal Encryption","Off","Off","Off","Off","251.1","1","Off","On","Off","Off","Off","Off","1","0","Off","0","0","0","0","0","0","0","0","0","0","0"
"3","CQ0DUAI","438.27500","430.67500","A-Analog","High","25K","Off","131.8","Portugal","Group Call","268","CT0ZZZ","Off","Carrier","Off","1","1","1","Off","1","1","None","None","Off","Off","Off","Off","Normal Encryption","Off","Off","Off","Off","251.1","1","Off","On","Off","Off","Off","Off","1","0","Off","0","0","0","0","0","0","0","0","0","0","0"
"4","CQ0USMA","438.75000","431.15000","A-Analog","High","25K","Off","67.0","Portugal","Group Call","268","CT0ZZZ","Off","Carrier","Off","1","1","1","Off","1","1","None","None","Off","Off","Off","Off","Normal Encryption","Off","Off","Off","Off","251.1","1","Off","On","Off","Off","Off","Off","1","0","Off","0","0","0","0","0","0","0","0","0","0","0"
"5","CQ0DRLX","438.23750","430.63750","A-Analog","High","25K","Off","74.4","Portugal","Group Call","268","CT0ZZZ","Off","Carrier","Off","1","1","1","Off","1","1","None","None","Off","Off","Off","Off","Normal Encryption","Off","Off","Off","Off","251.1","1","Off","On","Off","Off","Off","Off","1","0","Off","0","0","0","0","0","0","0","0","0","0","0"
"6","CQ0UCSC","438.72500","431.12500","A-Analog","High","25K","Off","74.4","Portugal","Group Call","268","CT0ZZZ","Off","Carrier","Off","1","1","1","Off","1","1","None","None","Off","Off","Off","Off","Normal Encryption","Off","Off","Off","Off","251.1","1","Off","On","Off","Off","Off","Off","1","0","Off","0","0","0","0","0","0","0","0","0","0","0"
"7","CQ0UML","438.85000","431.25000","A-Analog","High","25K","Off","131.8","Portugal","Group Call","268","CT0ZZZ","Off","Carrier","Off","1","1","1","Off","1","1","None","None","Off","Off","Off","Off","Normal Encryption","Off","Off","Off","Off","251.1","1","Off","On","Off","Off","Off","Off","1","0","Off","0","0","0","0","0","0","0","0","0","0","0"
"8","CQ1UB","438.20000","430.60000","A-Analog","High","25K","Off","88.5","Portugal","Group Call","268","CT0ZZZ","Off","Carrier","Off","1","1","1","Off","1","1","None","None","Off","Off","Off","Off","Normal Encryption","Off","Off","Off","Off","251.1","1","Off","On","Off","Off","Off","Off","1","0","Off","0","0","0","0","0","0","0","0","0","0","0"
"9","CQ0VCE","145.75000","145.15000","A-Analog","High","12.5K","Off","114.8","Portugal","Group Call","268","CT0ZZZ","Off","Carrier","Off","1","1","1","Off","1","1","None","None","Off","Off","Off","Off","Normal Encryption","Off","Off","Off","Off","251.1","1","Off","On","Off","Off","Off","Off","1","0","Off","0","0","0","0","0","0","0","0","0","0","0"
"10","CQ0VAM","145.77500","145.17500","A-Analog","High","12.5K","Off","74.4","Portugal","Group Call","268","CT0ZZZ","Off","Carrier","Off","1","1","1","Off","1","1","None","None","Off","Off","Off","Off","Normal Encryption","Off","Off","Off","Off","251.1","1","Off","On","Off","Off","Off","Off","1","0","Off","0","0","0","0","0","0","0","0","0","0","0"
"11","CQ0VMU","145.73750","145.13750","A-Analog","High","12.5K","Off","67.0","Portugal","Group Call","268","CT0ZZZ","Off","Carrier","Off","1","1","1","Off","1","1","None","None","Off","Off","Off","Off","Normal Encryption","Off","Off","Off","Off","251.1","1","Off","On","Off","Off","Off","Off","1","0","Off","0","0","0","0","0","0","0","0","0","0","0"
"12","CQ0VSA","145.62500","145.02500","A-Analog","High","12.5K","Off","123.0","Portugal","Group Call","268","CT0ZZZ","Off","Carrier","Off","1","1","1","Off","1","1","None","None","Off","Off","Off","Off","Normal Encryption","Off","Off","Off","Off","251.1","1","Off","On","Off","Off","Off","Off","1","0","Off","0","0","0","0","0","0","0","0","0","0","0"
"13","CQ0VPD","145.67500","145.07500","A-Analog","High","12.5K","Off","123.0","Portugal","Group Call","268","CT0ZZZ","Off","Carrier","Off","1","1","1","Off","1","1","None","None","Off","Off","Off","Off","Normal Encryption","Off","Off","Off","Off","251.1","1","Off","On","Off","Off","Off","Off","1","0","Off","0","0","0","0","0","0","0","0","0","0","0"
"14","CQ0VMA","145.65000","145.05000","A-Analog","High","12.5K","Off","123.0","Portugal","Group Call","268","CT0ZZZ","Off","Carrier","Off","1","1","1","Off","1","1","None","None","Off","Off","Off","Off","Normal Encryption","Off","Off","Off","Off","251.1","1","Off","On","Off","Off","Off","Off","1","0","Off","0","0","0","0","0","0","0","0","0","0","0"
"15","CQ0VBA","145.76250","145.16250","A-Analog","High","12.5K","Off","131.8","Portugal","Group Call","268","CT0ZZZ","Off","Carrier","Off","1","1","1","Off","1","1","None","None","Off","Off","Off","Off","Normal Encryption","Off","Off","Off","Off","251.1","1","Off","On","Off","Off","Off","Off","1","0","Off","0","0","0","0","0","0","0","0","0","0","0"
"16","CQ0VCO","145.68750","145.08750","A-Analog","High","12.5K","Off","123.0","Portugal","Group Call","268","CT0ZZZ","Off","Carrier","Off","1","1","1","Off","1","1","None","None","Off","Off","Off","Off","Normal Encryption","Off","Off","Off","Off","251.1","1","Off","On","Off","Off","Off","Off","1","0","Off","0","0","0","0","0","0","0","0","0","0","0"
"17","CQ0VAR","145.72500","145.12500","A-Analog","High","12.5K","Off","114.8","Portugal","Group Call","268","CT0ZZZ","Off","Carrier","Off","1","1","1","Off","1","1","None","None","Off","Off","Off","Off","Normal Encryption","Off","Off","Off","Off","251.1","1","Off","On","Off","Off","Off","Off","1","0","Off","0","0","0","0","0","0","0","0","0","0","0"
"18","CQ0VSE","145.60000","145.00000","A-Analog","High","12.5K","Off","114.8","Portugal","Group Call","268","CT0ZZZ","Off","Carrier","Off","1","1","1","Off","1","1","None","None","Off","Off","Off","Off","Normal Encryption","Off","Off","Off","Off","251.1","1","Off","On","Off","Off","Off","Off","1","0","Off","0","0","0","0","0","0","0","0","0","0","0"
"19","CQ0VTM","145.77500","145.17500","A-Analog","High","12.5K","Off","82.5","Portugal","Group Call","268","CT0ZZZ","Off","Carrier","Off","1","1","1","Off","1","1","None","None","Off","Off","Off","Off","Normal Encryption","Off","Off","Off","Off","251.1","1","Off","On","Off","Off","Off","Off","1","0","Off","0","0","0","0","0","0","0","0","0","0","0"
"20","CQ0VCP","145.66250","145.06250","A-Analog","High","12.5K","Off","82.5","Portugal","Group Call","268","CT0ZZZ","Off","Carrier","Off","1","1","1","Off","1","1","None","None","Off","Off","Off","Off","Normal Encryption","Off","Off","Off","Off","251.1","1","Off","On","Off","Off","Off","Off","1","0","Off","0","0","0","0","0","0","0","0","0","0","0"
"21","CQ0VG","145.63750","145.03750","A-Analog","High","12.5K","Off","114.8","Portugal","Group Call","268","CT0ZZZ","Off","Carrier","Off","1","1","1","Off","1","1","None","None","Off","Off","Off","Off","Normal Encryption","Off","Off","Off","Off","251.1","1","Off","On","Off","Off","Off","Off","1","0","Off","0","0","0","0","0","0","0","0","0","0","0"
"22","CQ0VCD","145.61250","145.01250","A-Analog","High","12.5K","Off","74.4","Portugal","Group Call","268","CT0ZZZ","Off","Carrier","Off","1","1","1","Off","1","1","None","None","Off","Off","Off","Off","Normal Encryption","Off","Off","Off","Off","251.1","1","Off","On","Off","Off","Off","Off","1","0","Off","0","0","0","0","0","0","0","0","0","0","0"
"23","CQ0VENT","145.68750","145.08750","A-Analog","High","12.5K","Off","74.4","Portugal","Group Call","268","CT0ZZZ","Off","Carrier","Off","1","1","1","Off","1","1","None","None","Off","Off","Off","Off","Normal Encryption","Off","Off","Off","Off","251.1","1","Off","On","Off","Off","Off","Off","1","0","Off","0","0","0","0","0","0","0","0","0","0","0"
"24","CQ0VSMA","145.66250","145.06250","A-Analog","High","12.5K","Off","123.0","Portugal","Group Call","268","CT0ZZZ","Off","Carrier","Off","1","1","1","Off","1","1","None","None","Off","Off","Off","Off","Normal Encryption","Off","Off","Off","Off","251.1","1","Off","On","Off","Off","Off","Off","1","0","Off","0","0","0","0","0","0","0","0","0","0","0"
"25","CQ0VMO","145.75000","145.15000","A-Analog","High","12.5K","Off","74.4","Portugal","Group Call","268","CT0ZZZ","Off","Carrier","Off","1","1","1","Off","1","1","None","None","Off","Off","Off","Off","Normal Encryption","Off","Off","Off","Off","251.1","1","Off","On","Off","Off","Off","Off","1","0","Off","0","0","0","0","0","0","0","0","0","0","0"
"26","CQ0VVAR","145.63750","145.03750","A-Analog","High","12.5K","Off","74.4","Portugal","Group Call","268","CT0ZZZ","Off","Carrier","Off","1","1","1","Off","1","1","None","None","Off","Off","Off","Off","Normal Encryption","Off","Off","Off","Off","251.1","1","Off","On","Off","Off","Off","Off","1","0","Off","0","0","0","0","0","0","0","0","0","0","0"
"27","CQ0VEC","145.66250","145.06250","A-Analog","High","12.5K","Off","74.4","Portugal","Group Call","268","CT0ZZZ","Off","Carrier","Off","1","1","1","Off","1","1","None","None","Off","Off","Off","Off","Normal Encryption","Off","Off","Off","Off","251.1","1","Off","On","Off","Off","Off","Off","1","0","Off","0","0","0","0","0","0","0","0","0","0","0"
"28","CQ0VSI","145.71250","145.11250","A-Analog","High","12.5K","Off","74.4","Portugal","Group Call","268","CT0ZZZ","Off","Carrier","Off","1","1","1","Off","1","1","None","None","Off","Off","Off","Off","Normal Encryption","Off","Off","Off","Off","251.1","1","Off","On","Off","Off","Off","Off","1","0","Off","0","0","0","0","0","0","0","0","0","0","0"
"29","CQ0VMST","145.62500","145.02500","A-Analog","High","12.5K","Off","74.4","Portugal","Group Call","268","CT0ZZZ","Off","Carrier","Off","1","1","1","Off","1","1","None","None","Off","Off","Off","Off","Normal Encryption","Off","Off","Off","Off","251.1","1","Off","On","Off","Off","Off","Off","1","0","Off","0","0","0","0","0","0","0","0","0","0","0"
"30","CQ0VCSC","145.60000","145.00000","A-Analog","High","12.5K","Off","74.4","Portugal","Group Call","268","CT0ZZZ","Off","Carrier","Off","1","1","1","Off","1","1","None","None","Off","Off","Off","Off","Normal Encryption","Off","Off","Off","Off","251.1","1","Off","On","Off","Off","Off","Off","1","0","Off","0","0","0","0","0","0","0","0","0","0","0"
"31","CQ0VARB","145.73750","145.13750","A-Analog","High","12.5K","Off","74.4","Portugal","Group Call","268","CT0ZZZ","Off","Carrier","Off","1","1","1","Off","1","1","None","None","Off","Off","Off","Off","Normal Encryption","Off","Off","Off","Off","251.1","1","Off","On","Off","Off","Off","Off","1","0","Off","0","0","0","0","0","0","0","0","0","0","0"
"32","CQ0VSTC","145.70000","145.10000","A-Analog","High","12.5K","Off","74.4","Portugal","Group Call","268","CT0ZZZ","Off","Carrier","Off","1","1","1","Off","1","1","None","None","Off","Off","Off","Off","Normal Encryption","Off","Off","Off","Off","251.1","1","Off","On","Off","Off","Off","Off","1","0","Off","0","0","0","0","0","0","0","0","0","0","0"
"33","CQ0VSP","145.75000","145.15000","A-Analog","High","12.5K","Off","82.5","Portugal","Group Call","268","CT0ZZZ","Off","Carrier","Off","1","1","1","Off","1","1","None","None","Off","Off","Off","Off","Normal Encryption","Off","Off","Off","Off","251.1","1","Off","On","Off","Off","Off","Off","1","0","Off","0","0","0","0","0","0","0","0","0","0","0"
"34","CQ0VFO","145.65000","145.05000","A-Analog","High","12.5K","Off","82.5","Portugal","Group Call","268","CT0ZZZ","Off","Carrier","Off","1","1","1","Off","1","1","None","None","Off","Off","Off","Off","Normal Encryption","Off","Off","Off","Off","251.1","1","Off","On","Off","Off","Off","Off","1","0","Off","0","0","0","0","0","0","0","0","0","0","0"
"35","CQ0VFD","145.76250","145.16250","A-Analog","High","12.5K","Off","82.5","Portugal","Group Call","268","CT0ZZZ","Off","Carrier","Off","1","1","1","Off","1","1","None","None","Off","Off","Off","Off","Normal Encryption","Off","Off","Off","Off","251.1","1","Off","On","Off","Off","Off","Off","1","0","Off","0","0","0","0","0","0","0","0","0","0","0"
"36","CQ0VTA","145.57500","144.97500","A-Analog","High","12.5K","Off","82.5","Portugal","Group Call","268","CT0ZZZ","Off","Carrier","Off","1","1","1","Off","1","1","None","None","Off","Off","Off","Off","Normal Encryption","Off","Off","Off","Off","251.1","1","Off","On","Off","Off","Off","Off","1","0","Off","0","0","0","0","0","0","0","0","0","0","0"
"37","CQ1VP","145.65000","145.05000","A-Analog","High","12.5K","Off","88.5","Portugal","Group Call","268","CT0ZZZ","Off","Carrier","Off","1","1","1","Off","1","1","None","None","Off","Off","Off","Off","Normal Encryption","Off","Off","Off","Off","251.1","1","Off","On","Off","Off","Off","Off","1","0","Off","0","0","0","0","0","0","0","0","0","0","0"
"38","CQ1VF","145.60000","145.00000","A-Analog","High","12.5K","Off","123.0","Portugal","Group Call","268","CT0ZZZ","Off","Carrier","Off","1","1","1","Off","1","1","None","None","Off","Off","Off","Off","Normal Encryption","Off","Off","Off","Off","251.1","1","Off","On","Off","Off","Off","Off","1","0","Off","0","0","0","0","0","0","0","0","0","0","0"
"39","CQ1VCM","145.72500","145.12500","A-Analog","High","12.5K","Off","88.5","Portugal","Group Call","268","CT0ZZZ","Off","Carrier","Off","1","1","1","Off","1","1","None","None","Off","Off","Off","Off","Normal Encryption","Off","Off","Off","Off","251.1","1","Off","On","Off","Off","Off","Off","1","0","Off","0","0","0","0","0","0","0","0","0","0","0"
"40","CQ1VSB","145.70000","145.10000","A-Analog","High","12.5K","Off","88.5","Portugal","Group Call","268","CT0ZZZ","Off","Carrier","Off","1","1","1","Off","1","1","None","None","Off","Off","Off","Off","Normal Encryption","Off","Off","Off","Off","251.1","1","Off","On","Off","Off","Off","Off","1","0","Off","0","0","0","0","0","0","0","0","0","0","0"
"41","CQ1VMA","145.78750","145.18750","A-Analog","High","12.5K","Off","88.5","Portugal","Group Call","268","CT0ZZZ","Off","Carrier","Off","1","1","1","Off","1","1","None","None","Off","Off","Off","Off","Normal Encryption","Off","Off","Off","Off","251.1","1","Off","On","Off","Off","Off","Off","1","0","Off","0","0","0","0","0","0","0","0","0","0","0"
"42","CQ0VSM","145.72500","145.12500","A-Analog","High","12.5K","Off","82.5","Portugal","Group Call","268","CT0ZZZ","Off","Carrier","Off","1","1","1","Off","1","1","None","None","Off","Off","Off","Off","Normal Encryption","Off","Off","Off","Off","251.1","1","Off","On","Off","Off","Off","Off","1","0","Off","0","0","0","0","0","0","0","0","0","0","0"
"43","CQ1VSC","145.77500","145.17500","A-Analog","High","12.5K","Off","88.5","Portugal","Group Call","268","CT0ZZZ","Off","Carrier","Off","1","1","1","Off","1","1","None","None","Off","Off","Off","Off","Normal Encryption","Off","Off","Off","Off","251.1","1","Off","On","Off","Off","Off","Off","1","0","Off","0","0","0","0","0","0","0","0","0","0","0"
"44","CQ1VPB","145.75000","145.15000","A-Analog","High","12.5K","Off","88.5","Portugal","Group Call","268","CT0ZZZ","Off","Carrier","Off","1","1","1","Off","1","1","None","None","Off","Off","Off","Off","Normal Encryption","Off","Off","Off","Off","251.1","1","Off","On","Off","Off","Off","Off","1","0","Off","0","0","0","0","0","0","0","0","0","0","0"
"45","CQ1VB","145.62500","145.02500","A-Analog","High","12.5K","Off","88.5","Portugal","Group Call","268","CT0ZZZ","Off","Carrier","Off","1","1","1","Off","1","1","None","None","Off","Off","Off","Off","Normal Encryption","Off","Off","Off","Off","251.1","1","Off","On","Off","Off","Off","Off","1","0","Off","0","0","0","0","0","0","0","0","0","0","0"
"46","CQ1VFLW","145.78750","145.18750","A-Analog","High","12.5K","Off","88.5","Portugal","Group Call","268","CT0ZZZ","Off","Carrier","Off","1","1","1","Off","1","1","None","None","Off","Off","Off","Off","Normal Encryption","Off","Off","Off","Off","251.1","1","Off","On","Off","Off","Off","Off","1","0","Off","0","0","0","0","0","0","0","0","0","0","0"
"47","CQ1VGR","145.61250","145.01250","A-Analog","High","12.5K","Off","67.0","Portugal","Group Call","268","CT0ZZZ","Off","Carrier","Off","1","1","1","Off","1","1","None","None","Off","Off","Off","Off","Normal Encryption","Off","Off","Off","Off","251.1","1","Off","On","Off","Off","Off","Off","1","0","Off","0","0","0","0","0","0","0","0","0","0","0"
"48","CQ1VSS","145.66250","145.06250","A-Analog","High","12.5K","Off","82.5","Portugal","Group Call","268","CT0ZZZ","Off","Carrier","Off","1","1","1","Off","1","1","None","None","Off","Off","Off","Off","Normal Encryption","Off","Off","Off","Off","251.1","1","Off","On","Off","Off","Off","Off","1","0","Off","0","0","0","0","0","0","0","0","0","0","0"
"49","CQ1VDX","145.73750","145.13750","A-Analog","High","12.5K","Off","114.8","Portugal","Group Call","268","CT0ZZZ","Off","Carrier","Off","1","1","1","Off","1","1","None","None","Off","Off","Off","Off","Normal Encryption","Off","Off","Off","Off","251.1","1","Off","On","Off","Off","Off","Off","1","0","Off","0","0","0","0","0","0","0","0","0","0","0"
"50","CQ1VPM","145.67500","145.07500","A-Analog","High","12.5K","Off","88.5","Portugal","Group Call","268","CT0ZZZ","Off","Carrier","Off","1","1","1","Off","1","1","None","None","Off","Off","Off","Off","Normal Encryption","Off","Off","Off","Off","251.1","1","Off","On","Off","Off","Off","Off","1","0","Off","0","0","0","0","0","0","0","0","0","0","0"
"51","CQ1VPV","145.77500","145.17500","A-Analog","High","12.5K","Off","123.0","Portugal","Group Call","268","CT0ZZZ","Off","Carrier","Off","1","1","1","Off","1","1","None","None","Off","Off","Off","Off","Normal Encryption","Off","Off","Off","Off","251.1","1","Off","On","Off","Off","Off","Off","1","0","Off","0","0","0","0","0","0","0","0","0","0","0"
"52","CQ1VSJ","145.63750","145.03750","A-Analog","High","12.5K","Off","67.0","Portugal","Group Call","268","CT0ZZZ","Off","Carrier","Off","1","1","1","Off","1","1","None","None","Off","Off","Off","Off","Normal Encryption","Off","Off","Off","Off","251.1","1","Off","On","Off","Off","Off","Off","1","0","Off","0","0","0","0","0","0","0","0","0","0","0"
"53","CQ2VMF","145.77500","145.17500","A-Analog","High","12.5K","Off","88.5","Portugal","Group Call","268","CT0ZZZ","Off","Carrier","Off","1","1","1","Off","1","1","None","None","Off","Off","Off","Off","Normal Encryption","Off","Off","Off","Off","251.1","1","Off","On","Off","Off","Off","Off","1","0","Off","0","0","0","0","0","0","0","0","0","0","0"
"54","CQ2VPS","145.70000","145.10000","A-Analog","High","12.5K","Off","88.5","Portugal","Group Call","268","CT0ZZZ","Off","Carrier","Off","1","1","1","Off","1","1","None","None","Off","Off","Off","Off","Normal Encryption","Off","Off","Off","Off","251.1","1","Off","On","Off","Off","Off","Off","1","0","Off","0","0","0","0","0","0","0","0","0","0","0"
"55","CQ2VIC","145.65000","145.05000","A-Analog","High","12.5K","Off","88.5","Portugal","Group Call","268","CT0ZZZ","Off","Carrier","Off","1","1","1","Off","1","1","None","None","Off","Off","Off","Off","Normal Encryption","Off","Off","Off","Off","251.1","1","Off","On","Off","Off","Off","Off","1","0","Off","0","0","0","0","0","0","0","0","0","0","0"
"56","CQ0SAAS","144.50000","144.50000","A-Analog","High","12.5K","Off","74.4","Portugal","Group Call","268","CT0ZZZ","Off","Carrier","Off","1","1","1","Off","1","1","None","None","Off","Off","Off","Off","Normal Encryption","Off","Off","Off","Off","251.1","1","Off","On","Off","Off","Off","Off","1","0","Off","0","0","0","0","0","0","0","0","0","0","0"
"57","CQ0VMI","145.77500","145.17500","A-Analog","High","12.5K","Off","123.0","Portugal","Group Call","268","CT0ZZZ","Off","Carrier","Off","1","1","1","Off","1","1","None","None","Off","Off","Off","Off","Normal Encryption","Off","Off","Off","Off","251.1","1","Off","On","Off","Off","Off","Off","1","0","Off","0","0","0","0","0","0","0","0","0","0","0"
"58","CQ0VLO","145.70000","145.10000","A-Analog","High","12.5K","Off","82.5","Portugal","Group Call","268","CT0ZZZ","Off","Carrier","Off","1","1","1","Off","1","1","None","None","Off","Off","Off","Off","Normal Encryption","Off","Off","Off","Off","251.1","1","Off","On","Off","Off","Off","Off","1","0","Off","0","0","0","0","0","0","0","0","0","0","0"
"59","CQ0DBO","438.40000","430.80000","A-Analog","High","25K","Off","67.0","Portugal","Group Call","268","CT0ZZZ","Off","Carrier","Off","1","1","1","Off","1","1","None","None","Off","Off","Off","Off","Normal Encryption","Off","Off","Off","Off","251.1","1","Off","On","Off","Off","Off","Off","1","0","Off","0","0","0","0","0","0","0","0","0","0","0"
"60","CQ0DGM","438.25000","430.65000","A-Analog","High","25K","Off","123.0","Portugal","Group Call","268","CT0ZZZ","Off","Carrier","Off","1","1","1","Off","1","1","None","None","Off","Off","Off","Off","Normal Encryption","Off","Off","Off","Off","251.1","1","Off","On","Off","Off","Off","Off","1","0","Off","0","0","0","0","0","0","0","0","0","0","0"
"61","CQ0VMC","145.67500","145.07500","A-Analog","High","12.5K","Off","74.4","Portugal","Group Call","268","CT0ZZZ","Off","Carrier","Off","1","1","1","Off","1","1","None","None","Off","Off","Off","Off","Normal Encryption","Off","Off","Off","Off","251.1","1","Off","On","Off","Off","Off","Off","1","0","Off","0","0","0","0","0","0","0","0","0","0","0"
"62","CQ0VSF","145.61250","145.01250","A-Analog","High","12.5K","Off","123.0","Portugal","Group Call","268","CT0ZZZ","Off","Carrier","Off","1","1","1","Off","1","1","None","None","Off","Off","Off","Off","Normal Encryption","Off","Off","Off","Off","251.1","1","Off","On","Off","Off","Off","Off","1","0","Off","0","0","0","0","0","0","0","0","0","0","0"
"63","CQ1VPA","145.60000","145.00000","A-Analog","High","12.5K","Off","88.5","Portugal","Group Call","268","CT0ZZZ","Off","Carrier","Off","1","1","1","Off","1","1","None","None","Off","Off","Off","Off","Normal Encryption","Off","Off","Off","Off","251.1","1","Off","On","Off","Off","Off","Off","1","0","Off","0","0","0","0","0","0","0","0","0","0","0"
"64","CQ0VBRG","145.70000","145.10000","A-Analog","High","12.5K","Off","123.0","Portugal","Group Call","268","CT0ZZZ","Off","Carrier","Off","1","1","1","Off","1","1","None","None","Off","Off","Off","Off","Normal Encryption","Off","Off","Off","Off","251.1","1","Off","On","Off","Off","Off","Off","1","0","Off","0","0","0","0","0","0","0","0","0","0","0"
"65","CQ0VDLX","145.77500","145.17500","A-Analog","High","12.5K","Off","74.4","Portugal","Group Call","268","CT0ZZZ","Off","Carrier","Off","1","1","1","Off","1","1","None","None","Off","Off","Off","Off","Normal Encryption","Off","Off","Off","Off","251.1","1","Off","On","Off","Off","Off","Off","1","0","Off","0","0","0","0","0","0","0","0","0","0","0"
"66","CQ0USA","438.65000","431.05000","A-Analog","High","25K","Off","67.0","Portugal","Group Call","268","CT0ZZZ","Off","Carrier","Off","1","1","1","Off","1","1","None","None","Off","Off","Off","Off","Normal Encryption","Off","Off","Off","Off","251.1","1","Off","On","Off","Off","Off","Off","1","0","Off","0","0","0","0","0","0","0","0","0","0","0"
"67","CQ0UBO","438.90000","431.30000","A-Analog","High","12.5K","Off","67.0","Portugal","Group Call","268","CT0ZZZ","Off","Carrier","Off","1","1","1","Off","1","1","None","None","Off","Off","Off","Off","Normal Encryption","Off","Off","Off","Off","251.1","1","Off","On","Off","Off","Off","Off","1","0","Off","0","0","0","0","0","0","0","0","0","0","0"
"68","CQ0UAV","439.32500","431.72500","A-Analog","High","25K","Off","67.0","Portugal","Group Call","268","CT0ZZZ","Off","Carrier","Off","1","1","1","Off","1","1","None","None","Off","Off","Off","Off","Normal Encryption","Off","Off","Off","Off","251.1","1","Off","On","Off","Off","Off","Off","1","0","Off","0","0","0","0","0","0","0","0","0","0","0"
"69","CQ0UAT","438.67500","431.07500","A-Analog","High","25K","Off","67.0","Portugal","Group Call","268","CT0ZZZ","Off","Carrier","Off","1","1","1","Off","1","1","None","None","Off","Off","Off","Off","Normal Encryption","Off","Off","Off","Off","251.1","1","Off","On","Off","Off","Off","Off","1","0","Off","0","0","0","0","0","0","0","0","0","0","0"
"70","CQ0URTD","438.70000","431.10000","A-Analog","High","25K","Off","123.0","Portugal","Group Call","268","CT0ZZZ","Off","Carrier","Off","1","1","1","Off","1","1","None","None","Off","Off","Off","Off","Normal Encryption","Off","Off","Off","Off","251.1","1","Off","On","Off","Off","Off","Off","1","0","Off","0","0","0","0","0","0","0","0","0","0","0"
"71","CQ0UMA","438.92500","431.32500","A-Analog","High","25K","Off","123.0","Portugal","Group Call","268","CT0ZZZ","Off","Carrier","Off","1","1","1","Off","1","1","None","None","Off","Off","Off","Off","Normal Encryption","Off","Off","Off","Off","251.1","1","Off","On","Off","Off","Off","Off","1","0","Off","0","0","0","0","0","0","0","0","0","0","0"
"72","CQ0UMR","439.15000","431.55000","A-Analog","High","25K","Off","123.0","Portugal","Group Call","268","CT0ZZZ","Off","Carrier","Off","1","1","1","Off","1","1","None","None","Off","Off","Off","Off","Normal Encryption","Off","Off","Off","Off","251.1","1","Off","On","Off","Off","Off","Off","1","0","Off","0","0","0","0","0","0","0","0","0","0","0"
"73","CQ0UBA","439.27500","431.67500","A-Analog","High","25K","Off","123.0","Portugal","Group Call","268","CT0ZZZ","Off","Carrier","Off","1","1","1","Off","1","1","None","None","Off","Off","Off","Off","Normal Encryption","Off","Off","Off","Off","251.1","1","Off","On","Off","Off","Off","Off","1","0","Off","0","0","0","0","0","0","0","0","0","0","0"
"74","CQ0UGM","439.12500","431.52500","A-Analog","High","25K","Off","123.0","Portugal","Group Call","268","CT0ZZZ","Off","Carrier","Off","1","1","1","Off","1","1","None","None","Off","Off","Off","Off","Normal Encryption","Off","Off","Off","Off","251.1","1","Off","On","Off","Off","Off","Off","1","0","Off","0","0","0","0","0","0","0","0","0","0","0"
"75","CQ0UCO","438.90000","431.30000","A-Analog","High","25K","Off","114.8","Portugal","Group Call","268","CT0ZZZ","Off","Carrier","Off","1","1","1","Off","1","1","None","None","Off","Off","Off","Off","Normal Encryption","Off","Off","Off","Off","251.1","1","Off","On","Off","Off","Off","Off","1","0","Off","0","0","0","0","0","0","0","0","0","0","0"
"76","CQ0UOAZ","439.40000","431.80000","A-Analog","High","25K","Off","123.0","Portugal","Group Call","268","CT0ZZZ","Off","Carrier","Off","1","1","1","Off","1","1","None","None","Off","Off","Off","Off","Normal Encryption","Off","Off","Off","Off","251.1","1","Off","On","Off","Off","Off","Off","1","0","Off","0","0","0","0","0","0","0","0","0","0","0"
"77","CQ0UAZ","439.40000","431.80000","A-Analog","High","25K","Off","123.0","Portugal","Group Call","268","CT0ZZZ","Off","Carrier","Off","1","1","1","Off","1","1","None","None","Off","Off","Off","Off","Normal Encryption","Off","Off","Off","Off","251.1","1","Off","On","Off","Off","Off","Off","1","0","Off","0","0","0","0","0","0","0","0","0","0","0"
"78","CQ0URBL","438.87500","431.27500","A-Analog","High","25K","Off","123.0","Portugal","Group Call","268","CT0ZZZ","Off","Carrier","Off","1","1","1","Off","1","1","None","None","Off","Off","Off","Off","Normal Encryption","Off","Off","Off","Off","251.1","1","Off","On","Off","Off","Off","Off","1","0","Off","0","0","0","0","0","0","0","0","0","0","0"
"79","CQ0UAE","438.80000","431.20000","A-Analog","High","25K","Off","123.0","Portugal","Group Call","268","CT0ZZZ","Off","Carrier","Off","1","1","1","Off","1","1","None","None","Off","Off","Off","Off","Normal Encryption","Off","Off","Off","Off","251.1","1","Off","On","Off","Off","Off","Off","1","0","Off","0","0","0","0","0","0","0","0","0","0","0"
"80","CQ0UTRZ","439.17500","431.57500","A-Analog","High","25K","Off","123.0","Portugal","Group Call","268","CT0ZZZ","Off","Carrier","Off","1","1","1","Off","1","1","None","None","Off","Off","Off","Off","Normal Encryption","Off","Off","Off","Off","251.1","1","Off","On","Off","Off","Off","Analog","1","0","Off","0","0","0","0","0","0","0","0","0","0","0"
"81","CQ0UAR","438.95000","431.35000","A-Analog","High","25K","Off","123.0","Portugal","Group Call","268","CT0ZZZ","Off","Carrier","Off","1","1","1","Off","1","1","None","None","Off","Off","Off","Off","Normal Encryption","Off","Off","Off","Off","251.1","1","Off","On","Off","Off","Off","Off","1","0","Off","0","0","0","0","0","0","0","0","0","0","0"
"82","CQ0UMU","438.97500","431.37500","A-Analog","High","25K","Off","114.8","Portugal","Group Call","268","CT0ZZZ","Off","Carrier","Off","1","1","1","Off","1","1","None","None","Off","Off","Off","Off","Normal Encryption","Off","Off","Off","Off","251.1","1","Off","On","Off","Off","Off","Off","1","0","Off","0","0","0","0","0","0","0","0","0","0","0"
"83","CQ0UCE","439.05000","431.45000","A-Analog","High","25K","Off","114.8","Portugal","Group Call","268","CT0ZZZ","Off","Carrier","Off","1","1","1","Off","1","1","None","None","Off","Off","Off","Off","Normal Encryption","Off","Off","Off","Off","251.1","1","Off","On","Off","Off","Off","Off","1","0","Off","0","0","0","0","0","0","0","0","0","0","0"
"84","CQ0UCAR","439.25000","431.65000","A-Analog","High","25K","Off","123.0","Portugal","Group Call","268","CT0ZZZ","Off","Carrier","Off","1","1","1","Off","1","1","None","None","Off","Off","Off","Off","Normal Encryption","Off","Off","Off","Off","251.1","1","Off","On","Off","Off","Off","Off","1","0","Off","0","0","0","0","0","0","0","0","0","0","0"
"85","CQ0UCL","439.32500","431.72500","A-Analog","High","25K","Off","123.0","Portugal","Group Call","268","CT0ZZZ","Off","Carrier","Off","1","1","1","Off","1","1","None","None","Off","Off","Off","Off","Normal Encryption","Off","Off","Off","Off","251.1","1","Off","On","Off","Off","Off","Off","1","0","Off","0","0","0","0","0","0","0","0","0","0","0"
"86","CQ0UCA","438.70000","431.10000","A-Analog","High","25K","Off","131.8","Portugal","Group Call","268","CT0ZZZ","Off","Carrier","Off","1","1","1","Off","1","1","None","None","Off","Off","Off","Off","Normal Encryption","Off","Off","Off","Off","251.1","1","Off","On","Off","Off","Off","Off","1","0","Off","0","0","0","0","0","0","0","0","0","0","0"
"87","CQ0UES","439.05000","431.45000","A-Analog","High","25K","Off","114.8","Portugal","Group Call","268","CT0ZZZ","Off","Carrier","Off","1","1","1","Off","1","1","None","None","Off","Off","Off","Off","Normal Encryption","Off","Off","Off","Off","251.1","1","Off","On","Off","Off","Off","Off","1","0","Off","0","0","0","0","0","0","0","0","0","0","0"
"88","CQ0USE","438.82500","431.22500","A-Analog","High","25K","Off","114.8","Portugal","Group Call","268","CT0ZZZ","Off","Carrier","Off","1","1","1","Off","1","1","None","None","Off","Off","Off","Off","Normal Encryption","Off","Off","Off","Off","251.1","1","Off","On","Off","Off","Off","Off","1","0","Off","0","0","0","0","0","0","0","0","0","0","0"
"89","CQ0UDE","439.20000","431.60000","A-Analog","High","25K","Off","114.8","Portugal","Group Call","268","CT0ZZZ","Off","Carrier","Off","1","1","1","Off","1","1","None","None","Off","Off","Off","Off","Normal Encryption","Off","Off","Off","Off","251.1","1","Off","On","Off","Off","Off","Off","1","0","Off","0","0","0","0","0","0","0","0","0","0","0"
"90","CQ0UCOI","439.15000","431.55000","A-Analog","High","25K","Off","131.8","Portugal","Group Call","268","CT0ZZZ","Off","Carrier","Off","1","1","1","Off","1","1","None","None","Off","Off","Off","Off","Normal Encryption","Off","Off","Off","Off","251.1","1","Off","On","Off","Off","Off","Off","1","0","Off","0","0","0","0","0","0","0","0","0","0","0"
"91","CQ0UARC","438.77500","431.17500","A-Analog","High","25K","Off","131.8","Portugal","Group Call","268","CT0ZZZ","Off","Carrier","Off","1","1","1","Off","1","1","None","None","Off","Off","Off","Off","Normal Encryption","Off","Off","Off","Off","251.1","1","Off","On","Off","Off","Off","Off","1","0","Off","0","0","0","0","0","0","0","0","0","0","0"
"92","CQ0UCP","438.90000","431.30000","A-Analog","High","25K","Off","82.5","Portugal","Group Call","268","CT0ZZZ","Off","Carrier","Off","1","1","1","Off","1","1","None","None","Off","Off","Off","Off","Normal Encryption","Off","Off","Off","Off","251.1","1","Off","On","Off","Off","Off","Off","1","0","Off","0","0","0","0","0","0","0","0","0","0","0"
"93","CQ0UTV","439.30000","431.70000","A-Analog","High","25K","Off","131.8","Portugal","Group Call","268","CT0ZZZ","Off","Carrier","Off","1","1","1","Off","1","1","None","None","Off","Off","Off","Off","Normal Encryption","Off","Off","Off","Off","251.1","1","Off","On","Off","Off","Off","Off","1","0","Off","0","0","0","0","0","0","0","0","0","0","0"
"94","CQ0UG","439.10000","431.50000","A-Analog","High","25K","Off","82.5","Portugal","Group Call","268","CT0ZZZ","Off","Carrier","Off","1","1","1","Off","1","1","None","None","Off","Off","Off","Off","Normal Encryption","Off","Off","Off","Off","251.1","1","Off","On","Off","Off","Off","Off","1","0","Off","0","0","0","0","0","0","0","0","0","0","0"
"95","CQ0UPS","439.00000","431.40000","A-Analog","High","25K","Off","131.8","Portugal","Group Call","268","CT0ZZZ","Off","Carrier","Off","1","1","1","Off","1","1","None","None","Off","Off","Off","Off","Normal Encryption","Off","Off","Off","Off","251.1","1","Off","On","Off","Off","Off","Off","1","0","Off","0","0","0","0","0","0","0","0","0","0","0"
"96","CQ0UCB","439.25000","431.65000","A-Analog","High","25K","Off","82.5","Portugal","Group Call","268","CT0ZZZ","Off","Carrier","Off","1","1","1","Off","1","1","None","None","Off","Off","Off","Off","Normal Encryption","Off","Off","Off","Off","251.1","1","Off","On","Off","Off","Off","Off","1","0","Off","0","0","0","0","0","0","0","0","0","0","0"
"97","CQ0UAB","438.80000","431.20000","A-Analog","High","25K","Off","131.8","Portugal","Group Call","268","CT0ZZZ","Off","Carrier","Off","1","1","1","Off","1","1","None","None","Off","Off","Off","Off","Normal Encryption","Off","Off","Off","Off","251.1","1","Off","On","Off","Off","Off","Off","1","0","Off","0","0","0","0","0","0","0","0","0","0","0"
"98","CQ0UTR","439.17500","431.57500","A-Analog","High","25K","Off","131.8","Portugal","Group Call","268","CT0ZZZ","Off","Carrier","Off","1","1","1","Off","1","1","None","None","Off","Off","Off","Off","Normal Encryption","Off","Off","Off","Off","251.1","1","Off","On","Off","Off","Off","Off","1","0","Off","0","0","0","0","0","0","0","0","0","0","0"
"99","CQ0UCD","438.72500","431.12500","A-Analog","High","25K","Off","131.8","Portugal","Group Call","268","CT0ZZZ","Off","Carrier","Off","1","1","1","Off","1","1","None","None","Off","Off","Off","Off","Normal Encryption","Off","Off","Off","Off","251.1","1","Off","On","Off","Off","Off","Off","1","0","Off","0","0","0","0","0","0","0","0","0","0","0"
"100","CQ0ULR","439.25000","431.65000","A-Analog","High","25K","Off","131.8","Portugal","Group Call","268","CT0ZZZ","Off","Carrier","Off","1","1","1","Off","1","1","None","None","Off","Off","Off","Off","Normal Encryption","Off","Off","Off","Off","251.1","1","Off","On","Off","Off","Off","Off","1","0","Off","0","0","0","0","0","0","0","0","0","0","0"
"101","CQ0UPM","439.02500","431.42500","A-Analog","High","25K","Off","131.8","Portugal","Group Call","268","CT0ZZZ","Off","Carrier","Off","1","1","1","Off","1","1","None","None","Off","Off","Off","Off","Normal Encryption","Off","Off","Off","Off","251.1","1","Off","On","Off","Off","Off","Off","1","0","Off","0","0","0","0","0","0","0","0","0","0","0"
"102","CQ0URL","439.15000","431.55000","A-Analog","High","25K","Off","131.8","Portugal","Group Call","268","CT0ZZZ","Off","Carrier","Off","1","1","1","Off","1","1","None","None","Off","Off","Off","Off","Normal Encryption","Off","Off","Off","Off","251.1","1","Off","On","Off","Off","Off","Off","1","0","Off","0","0","0","0","0","0","0","0","0","0","0"
"103","CQ0UAI","438.87500","431.27500","A-Analog","High","25K","Off","131.8","Portugal","Group Call","268","CT0ZZZ","Off","Carrier","Off","1","1","1","Off","1","1","None","None","Off","Off","Off","Off","Normal Encryption","Off","Off","Off","Off","251.1","1","Off","On","Off","Off","Off","Off","1","0","Off","0","0","0","0","0","0","0","0","0","0","0"
"104","CQ0UAL","438.87500","431.27500","A-Analog","High","25K","Off","114.8","Portugal","Group Call","268","CT0ZZZ","Off","Carrier","Off","1","1","1","Off","1","1","None","None","Off","Off","Off","Off","Normal Encryption","Off","Off","Off","Off","251.1","1","Off","On","Off","Off","Off","Off","1","0","Off","0","0","0","0","0","0","0","0","0","0","0"
"105","CQ0UCAN","438.65000","431.05000","A-Analog","High","25K","Off","131.8","Portugal","Group Call","268","CT0ZZZ","Off","Carrier","Off","1","1","1","Off","1","1","None","None","Off","Off","Off","Off","Normal Encryption","Off","Off","Off","Off","251.1","1","Off","On","Off","Off","Off","Off","1","0","Off","0","0","0","0","0","0","0","0","0","0","0"
"106","CQ0UCR","439.42500","431.82500","A-Analog","High","12.5K","Off","74.4","Portugal","Group Call","268","CT0ZZZ","Off","Carrier","Off","1","1","1","Off","1","1","None","None","Off","Off","Off","Off","Normal Encryption","Off","Off","Off","Off","251.1","1","Off","On","Off","Off","Off","Off","1","0","Off","0","0","0","0","0","0","0","0","0","0","0"
"107","CQ0UAG","439.20000","431.60000","A-Analog","High","25K","Off","74.4","Portugal","Group Call","268","CT0ZZZ","Off","Carrier","Off","1","1","1","Off","1","1","None","None","Off","Off","Off","Off","Normal Encryption","Off","Off","Off","Off","251.1","1","Off","On","Off","Off","Off","Off","1","0","Off","0","0","0","0","0","0","0","0","0","0","0"
"108","CQ0UP","439.27500","431.67500","A-Analog","High","25K","Off","67.0","Portugal","Group Call","268","CT0ZZZ","Off","Carrier","Off","1","1","1","Off","1","1","None","None","Off","Off","Off","Off","Normal Encryption","Off","Off","Off","Off","251.1","1","Off","On","Off","Off","Off","Off","1","0","Off","0","0","0","0","0","0","0","0","0","0","0"
"109","CQ0USR","439.07500","431.47500","A-Analog","High","25K","Off","74.4","Portugal","Group Call","268","CT0ZZZ","Off","Carrier","Off","1","1","1","Off","1","1","None","None","Off","Off","Off","Off","Normal Encryption","Off","Off","Off","Off","251.1","1","Off","On","Off","Off","Off","Off","1","0","Off","0","0","0","0","0","0","0","0","0","0","0"
"110","CQ0UMO","438.97500","431.37500","A-Analog","High","25K","Off","74.4","Portugal","Group Call","268","CT0ZZZ","Off","Carrier","Off","1","1","1","Off","1","1","None","None","Off","Off","Off","Off","Normal Encryption","Off","Off","Off","Off","251.1","1","Off","On","Off","Off","Off","Off","1","0","Off","0","0","0","0","0","0","0","0","0","0","0"
"111","CQ0UM","438.67500","431.07500","A-Analog","High","25K","Off","74.4","Portugal","Group Call","268","CT0ZZZ","Off","Carrier","Off","1","1","1","Off","1","1","None","None","Off","Off","Off","Off","Normal Encryption","Off","Off","Off","Off","251.1","1","Off","On","Off","Off","Off","Off","1","0","Off","0","0","0","0","0","0","0","0","0","0","0"
"112","CQ0UMJ","439.35000","431.75000","A-Analog","High","25K","Off","74.4","Portugal","Group Call","268","CT0ZZZ","Off","Carrier","Off","1","1","1","Off","1","1","None","None","Off","Off","Off","Off","Normal Encryption","Off","Off","Off","Off","251.1","1","Off","On","Off","Off","Off","Off","1","0","Off","0","0","0","0","0","0","0","0","0","0","0"
"113","CQ0UVAR","438.75000","431.15000","A-Analog","High","25K","Off","74.4","Portugal","Group Call","268","CT0ZZZ","Off","Carrier","Off","1","1","1","Off","1","1","None","None","Off","Off","Off","Off","Normal Encryption","Off","Off","Off","Off","251.1","1","Off","On","Off","Off","Off","Off","1","0","Off","0","0","0","0","0","0","0","0","0","0","0"
"114","CQ0USC","439.05000","431.45000","A-Analog","High","25K","Off","74.4","Portugal","Group Call","268","CT0ZZZ","Off","Carrier","Off","1","1","1","Off","1","1","None","None","Off","Off","Off","Off","Normal Encryption","Off","Off","Off","Off","251.1","1","Off","On","Off","Off","Off","Off","1","0","Off","0","0","0","0","0","0","0","0","0","0","0"
"115","CQ0UMC","439.17500","431.57500","A-Analog","High","25K","Off","74.4","Portugal","Group Call","268","CT0ZZZ","Off","Carrier","Off","1","1","1","Off","1","1","None","None","Off","Off","Off","Off","Normal Encryption","Off","Off","Off","Off","251.1","1","Off","On","Off","Off","Off","Off","1","0","Off","0","0","0","0","0","0","0","0","0","0","0"
"116","CQ0URVM","439.32500","431.72500","A-Analog","High","25K","Off","74.4","Portugal","Group Call","268","CT0ZZZ","Off","Carrier","Off","1","1","1","Off","1","1","None","None","Off","Off","Off","Off","Normal Encryption","Off","Off","Off","Off","251.1","1","Off","On","Off","Off","Off","Off","1","0","Off","0","0","0","0","0","0","0","0","0","0","0"
"117","CQ0UAMR","439.10000","431.50000","A-Analog","High","25K","Off","74.4","Portugal","Group Call","268","CT0ZZZ","Off","Carrier","Off","1","1","1","Off","1","1","None","None","Off","Off","Off","Off","Normal Encryption","Off","Off","Off","Off","251.1","1","Off","On","Off","Off","Off","Off","1","0","Off","0","0","0","0","0","0","0","0","0","0","0"
"118","CQ0USI","439.12500","431.52500","A-Analog","High","25K","Off","74.4","Portugal","Group Call","268","CT0ZZZ","Off","Carrier","Off","1","1","1","Off","1","1","None","None","Off","Off","Off","Off","Normal Encryption","Off","Off","Off","Off","251.1","1","Off","On","Off","Off","Off","Off","1","0","Off","0","0","0","0","0","0","0","0","0","0","0"
"119","CQ0UCAS","439.05000","431.45000","A-Analog","High","25K","Off","74.4","Portugal","Group Call","268","CT0ZZZ","Off","Carrier","Off","1","1","1","Off","1","1","None","None","Off","Off","Off","Off","Normal Encryption","Off","Off","Off","Off","251.1","1","Off","On","Off","Off","Off","Off","1","0","Off","0","0","0","0","0","0","0","0","0","0","0"
"120","CQ0UAM","438.80000","431.20000","A-Analog","High","25K","Off","74.4","Portugal","Group Call","268","CT0ZZZ","Off","Carrier","Off","1","1","1","Off","1","1","None","None","Off","Off","Off","Off","Normal Encryption","Off","Off","Off","Off","251.1","1","Off","On","Off","Off","Off","Off","1","0","Off","0","0","0","0","0","0","0","0","0","0","0"
"121","CQ0USO","438.95000","431.35000","A-Analog","High","12.5K","Off","67.0","Portugal","Group Call","268","CT0ZZZ","Off","Carrier","Off","1","1","1","Off","1","1","None","None","Off","Off","Off","Off","Normal Encryption","Off","Off","Off","Off","251.1","1","Off","On","Off","Off","Off","Off","1","0","Off","0","0","0","0","0","0","0","0","0","0","0"
"122","CQ0UMST","438.65000","431.05000","A-Analog","High","12.5K","Off","74.4","Portugal","Group Call","268","CT0ZZZ","Off","Carrier","Off","1","1","1","Off","1","1","None","None","Off","Off","Off","Off","Normal Encryption","Off","Off","Off","Off","251.1","1","Off","On","Off","Off","Off","Off","1","0","Off","0","0","0","0","0","0","0","0","0","0","0"
"123","CQ0UHU 1","431.35000","438.95000","A-Analog","High","25K","Off","74.4","Portugal","Group Call","268","CT0ZZZ","Off","Carrier","Off","1","1","1","Off","1","1","None","None","Off","Off","Off","Off","Normal Encryption","Off","Off","Off","Off","251.1","1","Off","On","Off","Off","Off","Off","1","0","Off","0","0","0","0","0","0","0","0","0","0","0"
"124","CQ0UHU 2","438.95000","431.35000","A-Analog","High","25K","Off","74.4","Portugal","Group Call","268","CT0ZZZ","Off","Carrier","Off","1","1","1","Off","1","1","None","None","Off","Off","Off","Off","Normal Encryption","Off","Off","Off","Off","251.1","1","Off","On","Off","Off","Off","Off","1","0","Off","0","0","0","0","0","0","0","0","0","0","0"
"125","CQ0UREP","439.02500","431.42500","A-Analog","High","25K","Off","74.4","Portugal","Group Call","268","CT0ZZZ","Off","Carrier","Off","1","1","1","Off","1","1","None","None","Off","Off","Off","Off","Normal Encryption","Off","Off","Off","Off","251.1","1","Off","On","Off","Off","Off","Off","1","0","Off","0","0","0","0","0","0","0","0","0","0","0"
"126","CQ0UMN","439.35000","431.75000","A-Analog","High","25K","Off","114.8","Portugal","Group Call","268","CT0ZZZ","Off","Carrier","Off","1","1","1","Off","1","1","None","None","Off","Off","Off","Off","Normal Encryption","Off","Off","Off","Off","251.1","1","Off","On","Off","Off","Off","Off","1","0","Off","0","0","0","0","0","0","0","0","0","0","0"
"127","CQ0UARB","439.40000","431.80000","A-Analog","High","12.5K","Off","74.4","Portugal","Group Call","268","CT0ZZZ","Off","Carrier","Off","1","1","1","Off","1","1","None","None","Off","Off","Off","Off","Normal Encryption","Off","Off","Off","Off","251.1","1","Off","On","Off","Off","Off","Off","1","0","Off","0","0","0","0","0","0","0","0","0","0","0"
"128","CQ0USTC","438.92500","431.32500","A-Analog","High","12.5K","Off","82.5","Portugal","Group Call","268","CT0ZZZ","Off","Carrier","Off","1","1","1","Off","1","1","None","None","Off","Off","Off","Off","Normal Encryption","Off","Off","Off","Off","251.1","1","Off","On","Off","Off","Off","Off","1","0","Off","0","0","0","0","0","0","0","0","0","0","0"
"129","CQ0USP","438.72500","431.12500","A-Analog","High","25K","Off","114.8","Portugal","Group Call","268","CT0ZZZ","Off","Carrier","Off","1","1","1","Off","1","1","None","None","Off","Off","Off","Off","Normal Encryption","Off","Off","Off","Off","251.1","1","Off","On","Off","Off","Off","Off","1","0","Off","0","0","0","0","0","0","0","0","0","0","0"
"130","CQ0UDA","438.80000","431.20000","A-Analog","High","12.5K","Off","114.8","Portugal","Group Call","268","CT0ZZZ","Off","Carrier","Off","1","1","1","Off","1","1","None","None","Off","Off","Off","Off","Normal Encryption","Off","Off","Off","Off","251.1","1","Off","On","Off","Off","Off","Off","1","0","Off","0","0","0","0","0","0","0","0","0","0","0"
"131","CQ0UMT","438.65000","431.05000","A-Analog","High","25K","Off","114.8","Portugal","Group Call","268","CT0ZZZ","Off","Carrier","Off","1","1","1","Off","1","1","None","None","Off","Off","Off","Off","Normal Encryption","Off","Off","Off","Off","251.1","1","Off","On","Off","Off","Off","Off","1","0","Off","0","0","0","0","0","0","0","0","0","0","0"
"132","CQ0UFO","438.67500","431.07500","A-Analog","High","25K","Off","131.8","Portugal","Group Call","268","CT0ZZZ","Off","Carrier","Off","1","1","1","Off","1","1","None","None","Off","Off","Off","Off","Normal Encryption","Off","Off","Off","Off","251.1","1","Off","On","Off","Off","Off","Off","1","0","Off","0","0","0","0","0","0","0","0","0","0","0"
"133","CQ0UCVM 1","439.02500","431.42500","A-Analog","High","25K","Off","67.0","Portugal","Group Call","268","CT0ZZZ","Off","Carrier","Off","1","1","1","Off","1","1","None","None","Off","Off","Off","Off","Normal Encryption","Off","Off","Off","Off","251.1","1","Off","On","Off","Off","Off","Off","1","0","Off","0","0","0","0","0","0","0","0","0","0","0"
"134","CQ0UGMR","439.10000","431.50000","A-Analog","High","25K","Off","67.0","Portugal","Group Call","268","CT0ZZZ","Off","Carrier","Off","1","1","1","Off","1","1","None","None","Off","Off","Off","Off","Normal Encryption","Off","Off","Off","Off","251.1","1","Off","On","Off","Off","Off","Off","1","0","Off","0","0","0","0","0","0","0","0","0","0","0"
"135","CQ0UAST","439.20000","431.60000","A-Analog","High","25K","Off","123.0","Portugal","Group Call","268","CT0ZZZ","Off","Carrier","Off","1","1","1","Off","1","1","None","None","Off","Off","Off","Off","Normal Encryption","Off","Off","Off","Off","251.1","1","Off","On","Off","Off","Off","Off","1","0","Off","0","0","0","0","0","0","0","0","0","0","0"
"136","CQ0UPRT","439.42500","431.82500","A-Analog","High","25K","Off","123.0","Portugal","Group Call","268","CT0ZZZ","Off","Carrier","Off","1","1","1","Off","1","1","None","None","Off","Off","Off","Off","Normal Encryption","Off","Off","Off","Off","251.1","1","Off","On","Off","Off","Off","Off","1","0","Off","0","0","0","0","0","0","0","0","0","0","0"
"137","CQ0UBRG","438.80000","431.20000","A-Analog","High","25K","Off","67.0","Portugal","Group Call","268","CT0ZZZ","Off","Carrier","Off","1","1","1","Off","1","1","None","None","Off","Off","Off","Off","Normal Encryption","Off","Off","Off","Off","251.1","1","Off","On","Off","Off","Off","Off","1","0","Off","0","0","0","0","0","0","0","0","0","0","0"
"138","CQ0UMF","439.42500","431.82500","A-Analog","High","25K","Off","131.8","Portugal","Group Call","268","CT0ZZZ","Off","Carrier","Off","1","1","1","Off","1","1","None","None","Off","Off","Off","Off","Normal Encryption","Off","Off","Off","Off","251.1","1","Off","On","Off","Off","Off","Off","1","0","Off","0","0","0","0","0","0","0","0","0","0","0"
"139","CQ0UIV","439.37500","431.77500","A-Analog","High","25K","Off","131.8","Portugal","Group Call","268","CT0ZZZ","Off","Carrier","Off","1","1","1","Off","1","1","None","None","Off","Off","Off","Off","Normal Encryption","Off","Off","Off","Off","251.1","1","Off","On","Off","Off","Off","Off","1","0","Off","0","0","0","0","0","0","0","0","0","0","0"
"140","CQ0UMM","438.92500","431.32500","A-Analog","High","25K","Off","131.8","Portugal","Group Call","268","CT0ZZZ","Off","Carrier","Off","1","1","1","Off","1","1","None","None","Off","Off","Off","Off","Normal Encryption","Off","Off","Off","Off","251.1","1","Off","On","Off","Off","Off","Off","1","0","Off","0","0","0","0","0","0","0","0","0","0","0"
"141","CQ0USM","438.70000","431.10000","A-Analog","High","25K","Off","131.8","Portugal","Group Call","268","CT0ZZZ","Off","Carrier","Off","1","1","1","Off","1","1","None","None","Off","Off","Off","Off","Normal Encryption","Off","Off","Off","Off","251.1","1","Off","On","Off","Off","Off","Off","1","0","Off","0","0","0","0","0","0","0","0","0","0","0"
"142","CQ0UFL","439.22500","431.62500","A-Analog","High","12.5K","Off","131.8","Portugal","Group Call","268","CT0ZZZ","Off","Carrier","Off","1","1","1","Off","1","1","None","None","Off","Off","Off","Off","Normal Encryption","Off","Off","Off","Off","251.1","1","Off","On","Off","Off","Off","Off","1","0","Off","0","0","0","0","0","0","0","0","0","0","0"
"143","CQ0USJ","439.12500","431.52500","A-Analog","High","25K","Off","123.0","Portugal","Group Call","268","CT0ZZZ","Off","Carrier","Off","1","1","1","Off","1","1","None","None","Off","Off","Off","Off","Normal Encryption","Off","Off","Off","Off","251.1","1","Off","On","Off","Off","Off","Off","1","0","Off","0","0","0","0","0","0","0","0","0","0","0"
"144","CQ1UDX","438.67500","431.07500","A-Analog","High","12.5K","Off","67.0","Portugal","Group Call","268","CT0ZZZ","Off","Carrier","Off","1","1","1","Off","1","1","None","None","Off","Off","Off","Off","Normal Encryption","Off","Off","Off","Off","251.1","1","Off","On","Off","Off","Off","Off","1","0","Off","0","0","0","0","0","0","0","0","0","0","0"
"145","CQ1UCM","438.72500","431.12500","A-Analog","High","25K","Off","88.5","Portugal","Group Call","268","CT0ZZZ","Off","Carrier","Off","1","1","1","Off","1","1","None","None","Off","Off","Off","Off","Normal Encryption","Off","Off","Off","Off","251.1","1","Off","On","Off","Off","Off","Off","1","0","Off","0","0","0","0","0","0","0","0","0","0","0"
"146","CQ1UF","438.80000","431.20000","A-Analog","High","25K","Off","123.0","Portugal","Group Call","268","CT0ZZZ","Off","Carrier","Off","1","1","1","Off","1","1","None","None","Off","Off","Off","Off","Normal Encryption","Off","Off","Off","Off","251.1","1","Off","On","Off","Off","Off","Off","1","0","Off","0","0","0","0","0","0","0","0","0","0","0"
"147","CQ1UPB","438.75000","431.15000","A-Analog","High","25K","Off","88.5","Portugal","Group Call","268","CT0ZZZ","Off","Carrier","Off","1","1","1","Off","1","1","None","None","Off","Off","Off","Off","Normal Encryption","Off","Off","Off","Off","251.1","1","Off","On","Off","Off","Off","Off","1","0","Off","0","0","0","0","0","0","0","0","0","0","0"
"148","CQ1UPDL","438.90000","431.30000","A-Analog","High","25K","Off","88.5","Portugal","Group Call","268","CT0ZZZ","Off","Carrier","Off","1","1","1","Off","1","1","None","None","Off","Off","Off","Off","Normal Encryption","Off","Off","Off","Off","251.1","1","Off","On","Off","Off","Off","Off","1","0","Off","0","0","0","0","0","0","0","0","0","0","0"
"149","CQ1UPA","438.65000","431.05000","A-Analog","High","25K","Off","88.5","Portugal","Group Call","268","CT0ZZZ","Off","Carrier","Off","1","1","1","Off","1","1","None","None","Off","Off","Off","Off","Normal Encryption","Off","Off","Off","Off","251.1","1","Off","On","Off","Off","Off","Off","1","0","Off","0","0","0","0","0","0","0","0","0","0","0"
"150","CQ1USC","438.77500","431.17500","A-Analog","High","25K","Off","88.5","Portugal","Group Call","268","CT0ZZZ","Off","Carrier","Off","1","1","1","Off","1","1","None","None","Off","Off","Off","Off","Normal Encryption","Off","Off","Off","Off","251.1","1","Off","On","Off","Off","Off","Off","1","0","Off","0","0","0","0","0","0","0","0","0","0","0"
"151","CQ2UFX","438.70000","431.10000","A-Analog","High","25K","Off","67.0","Portugal","Group Call","268","CT0ZZZ","Off","Carrier","Off","1","1","1","Off","1","1","None","None","Off","Off","Off","Off","Normal Encryption","Off","Off","Off","Off","251.1","1","Off","On","Off","Off","Off","Off","1","0","Off","0","0","0","0","0","0","0","0","0","0","0"
"152","CQ2UMAD","438.65000","431.05000","A-Analog","High","25K","Off","82.5","Portugal","Group Call","268","CT0ZZZ","Off","Carrier","Off","1","1","1","Off","1","1","None","None","Off","Off","Off","Off","Normal Encryption","Off","Off","Off","Off","251.1","1","Off","On","Off","Off","Off","Off","1","0","Off","0","0","0","0","0","0","0","0","0","0","0"
"153","CQ0SUAS","433.40000","433.40000","A-Analog","High","12.5K","Off","74.4","Portugal","Group Call","268","CT0ZZZ","Off","Carrier","Off","1","1","1","Off","1","1","None","None","Off","Off","Off","Off","Normal Encryption","Off","Off","Off","Off","251.1","1","Off","On","Off","Off","Off","Off","1","0","Off","0","0","0","0","0","0","0","0","0","0","0"
"154","CQ1EURA","439.62500","439.62500","A-Analog","High","12.5K","Off","82.5","Portugal","Group Call","268","CT0ZZZ","Off","Carrier","Off","1","1","1","Off","1","1","None","None","Off","Off","Off","Off","Normal Encryption","Off","Off","Off","Off","251.1","1","Off","On","Off","Off","Off","Off","1","0","Off","0","0","0","0","0","0","0","0","0","0","0"
"155","CQ0UEC","438.87500","431.27500","A-Analog","High","25K","Off","74.4","Portugal","Group Call","268","CT0ZZZ","Off","Carrier","Off","1","1","1","Off","1","1","None","None","Off","Off","Off","Off","Normal Encryption","Off","Off","Off","Off","251.1","1","Off","On","Off","Off","Off","Off","1","0","Off","0","0","0","0","0","0","0","0","0","0","0"
"156","CQ0EBB 1","145.47500","439.77500","A-Analog","High","12.5K","Off","114.8","Portugal","Group Call","268","CT0ZZZ","Off","Carrier","Off","1","1","1","Off","1","1","None","None","Off","Off","Off","Off","Normal Encryption","Off","Off","Off","Off","251.1","1","Off","On","Off","Off","Off","Off","1","0","Off","0","0","0","0","0","0","0","0","0","0","0"
"157","CQ0EBB 2","439.77500","145.47500","A-Analog","High","25K","Off","82.5","Portugal","Group Call","268","CT0ZZZ","Off","Carrier","Off","1","1","1","Off","1","1","None","None","Off","Off","Off","Off","Normal Encryption","Off","Off","Off","Off","251.1","1","Off","On","Off","Off","Off","Off","1","0","Off","0","0","0","0","0","0","0","0","0","0","0"
"158","CQ0EIV 1","431.97500","145.35000","A-Analog","High","25K","Off","82.5","Portugal","Group Call","268","CT0ZZZ","Off","Carrier","Off","1","1","1","Off","1","1","None","None","Off","Off","Off","Off","Normal Encryption","Off","Off","Off","Off","251.1","1","Off","On","Off","Off","Off","Off","1","0","Off","0","0","0","0","0","0","0","0","0","0","0"
"159","CQ0EIV 2","145.35000","431.97500","A-Analog","High","25K","Off","131.8","Portugal","Group Call","268","CT0ZZZ","Off","Carrier","Off","1","1","1","Off","1","1","None","None","Off","Off","Off","Off","Normal Encryption","Off","Off","Off","Off","251.1","1","Off","On","Off","Off","Off","Off","1","0","Off","0","0","0","0","0","0","0","0","0","0","0"
"160","CQ1EPIX 1","144.55000","439.55000","A-Analog","High","12.5K","Off","82.5","Portugal","Group Call","268","CT0ZZZ","Off","Carrier","Off","1","1","1","Off","1","1","None","None","Off","Off","Off","Off","Normal Encryption","Off","Off","Off","Off","251.1","1","Off","On","Off","Off","Off","Off","1","0","Off","0","0","0","0","0","0","0","0","0","0","0"
"161","CQ1EPIX 2","439.55000","144.55000","A-Analog","High","25K","Off","82.5","Portugal","Group Call","268","CT0ZZZ","Off","Carrier","Off","1","1","1","Off","1","1","None","None","Off","Off","Off","Off","Normal Encryption","Off","Off","Off","Off","251.1","1","Off","On","Off","Off","Off","Off","1","0","Off","0","0","0","0","0","0","0","0","0","0","0"
"162","CQ1EZS 1","145.40000","439.70000","A-Analog","High","12.5K","Off","67.0","Portugal","Group Call","268","CT0ZZZ","Off","Carrier","Off","1","1","1","Off","1","1","None","None","Off","Off","Off","Off","Normal Encryption","Off","Off","Off","Off","251.1","1","Off","On","Off","Off","Off","Off","1","0","Off","0","0","0","0","0","0","0","0","0","0","0"
"163","CQ1EZS 2","439.70000","145.40000","A-Analog","High","25K","Off","88.5","Portugal","Group Call","268","CT0ZZZ","Off","Carrier","Off","1","1","1","Off","1","1","None","None","Off","Off","Off","Off","Normal Encryption","Off","Off","Off","Off","251.1","1","Off","On","Off","Off","Off","Off","1","0","Off","0","0","0","0","0","0","0","0","0","0","0"
"164","CQ1EZN 1","145.42500","439.70000","A-Analog","High","12.5K","Off","123.0","Portugal","Group Call","268","CT0ZZZ","Off","Carrier","Off","1","1","1","Off","1","1","None","None","Off","Off","Off","Off","Normal Encryption","Off","Off","Off","Off","251.1","1","Off","On","Off","Off","Off","Off","1","0","Off","0","0","0","0","0","0","0","0","0","0","0"
"165","CQ1EZN 2","439.70000","145.42500","A-Analog","High","25K","Off","88.5","Portugal","Group Call","268","CT0ZZZ","Off","Carrier","Off","1","1","1","Off","1","1","None","None","Off","Off","Off","Off","Normal Encryption","Off","Off","Off","Off","251.1","1","Off","On","Off","Off","Off","Off","1","0","Off","0","0","0","0","0","0","0","0","0","0","0"
"166","CQ0UCVM 2","439.02500","431.42500","A-Analog","High","25K","Off","67.0","Portugal","Group Call","268","CT0ZZZ","Off","Carrier","Off","1","1","1","Off","1","1","None","None","Off","Off","Off","Off","Normal Encryption","Off","Off","Off","Off","251.1","1","Off","On","Off","Off","Off","Off","1","0","Off","0","0","0","0","0","0","0","0","0","0","0"
"167","CQ0DBA TS1","438.45000","430.85000","D-Digital","High","12.5K","Off","Off","Portugal","Group Call","268","CT0ZZZ","Always","Carrier","Off","1","1","1","Off","1","1","None","TS1 Tipicos","Off","Off","Off","Off","Normal Encryption","Off","Off","Off","Off","251.1","1","Off","Off","Off","Off","Off","Off","1","0","Off","0","1","0","0","0","0","0","0","0","0","0"
"168","CQ0DBA TS2","438.45000","430.85000","D-Digital","High","12.5K","Off","Off","Local","Group Call","2","CT0ZZZ","Always","Carrier","Off","1","1","1","Off","1","2","None","Todos TGs","Off","Off","Off","Off","Normal Encryption","Off","Off","Off","Off","251.1","1","Off","Off","Off","Off","Off","Off","1","0","Off","0","1","0","0","0","0","0","0","0","0","0"
"169","CQ0DVI TS1","438.51250","430.91250","D-Digital","High","12.5K","Off","Off","Portugal","Group Call","268","CT0ZZZ","Always","Carrier","Off","1","1","1","Off","1","1","None","TS1 Tipicos","Off","Off","Off","Off","Normal Encryption","Off","Off","Off","Off","251.1","1","Off","Off","Off","Off","Off","Off","1","0","Off","0","1","0","0","0","0","0","0","0","0","0"
"170","CQ0DVI TS2","438.51250","430.91250","D-Digital","High","12.5K","Off","Off","Local","Group Call","2","CT0ZZZ","Always","Carrier","Off","1","1","1","Off","1","2","None","Todos TGs","Off","Off","Off","Off","Normal Encryption","Off","Off","Off","Off","251.1","1","Off","Off","Off","Off","Off","Off","1","0","Off","0","1","0","0","0","0","0","0","0","0","0"
"171","CQ0DCO TS1","438.41250","438.41250","D-Digital","High","12.5K","Off","Off","Portugal","Group Call","268","CT0ZZZ","Always","Carrier","Off","1","1","1","Off","1","1","None","TS1 Tipicos","Off","Off","Off","Off","Normal Encryption","Off","Off","Off","Off","251.1","1","Off","Off","Off","Off","Off","Off","1","0","Off","0","1","0","0","0","0","0","0","0","0","0"
"172","CQ0DCO TS2","438.41250","438.41250","D-Digital","High","12.5K","Off","Off","Local","Group Call","2","CT0ZZZ","Always","Carrier","Off","1","1","1","Off","1","2","None","Todos TGs","Off","Off","Off","Off","Normal Encryption","Off","Off","Off","Off","251.1","1","Off","Off","Off","Off","Off","Off","1","0","Off","0","1","0","0","0","0","0","0","0","0","0"
"173","CQ0DAL TS1","438.20000","430.60000","D-Digital","High","12.5K","Off","Off","Portugal","Group Call","268","CT0ZZZ","Always","Carrier","Off","1","1","1","Off","1","1","None","TS1 Tipicos","Off","Off","Off","Off","Normal Encryption","Off","Off","Off","Off","251.1","1","Off","Off","Off","Off","Off","Off","1","0","Off","0","1","0","0","0","0","0","0","0","0","0"
"174","CQ0DAL TS2","438.20000","430.60000","D-Digital","High","12.5K","Off","Off","Local","Group Call","2","CT0ZZZ","Always","Carrier","Off","1","1","1","Off","1","2","None","Todos TGs","Off","Off","Off","Off","Normal Encryption","Off","Off","Off","Off","251.1","1","Off","Off","Off","Off","Off","Off","1","0","Off","0","1","0","0","0","0","0","0","0","0","0"
"175","CQ0DPG TS1","438.21250","430.61250","D-Digital","High","12.5K","Off","Off","Portugal","Group Call","268","CT0ZZZ","Always","Carrier","Off","1","1","1","Off","1","1","None","TS1 Tipicos","Off","Off","Off","Off","Normal Encryption","Off","Off","Off","Off","251.1","1","Off","Off","Off","Off","Off","Off","1","0","Off","0","1","0","0","0","0","0","0","0","0","0"
"176","CQ0DPG TS2","438.21250","430.61250","D-Digital","High","12.5K","Off","Off","Local","Group Call","2","CT0ZZZ","Always","Carrier","Off","1","1","1","Off","1","2","None","Todos TGs","Off","Off","Off","Off","Normal Encryption","Off","Off","Off","Off","251.1","1","Off","Off","Off","Off","Off","Off","1","0","Off","0","1","0","0","0","0","0","0","0","0","0"
"177","CQ0DLX TS1","438.50000","430.90000","D-Digital","High","12.5K","Off","Off","Portugal","Group Call","268","CT0ZZZ","Always","Carrier","Off","1","1","1","Off","1","1","None","TS1 Tipicos","Off","Off","Off","Off","Normal Encryption","Off","Off","Off","Off","251.1","1","Off","Off","Off","Off","Off","Off","1","0","Off","0","1","0","0","0","0","0","0","0","0","0"
"178","CQ0DLX TS2","438.50000","430.90000","D-Digital","High","12.5K","Off","Off","Local","Group Call","2","CT0ZZZ","Always","Carrier","Off","1","1","1","Off","1","2","None","Todos TGs","Off","Off","Off","Off","Normal Encryption","Off","Off","Off","Off","251.1","1","Off","Off","Off","Off","Off","Analog","1","0","Off","0","1","0","0","0","0","0","0","0","0","0"
"179","CQ0DAC TS1","438.62500","431.02500","D-Digital","High","12.5K","Off","Off","Portugal","Group Call","268","CT0ZZZ","Always","Carrier","Off","1","1","1","Off","1","1","None","TS1 Tipicos","Off","Off","Off","Off","Normal Encryption","Off","Off","Off","Off","251.1","1","Off","Off","Off","Off","Off","Off","1","0","Off","0","1","0","0","0","0","0","0","0","0","0"
"180","CQ0DAC TS2","438.62500","431.02500","D-Digital","High","12.5K","Off","Off","Local","Group Call","2","CT0ZZZ","Always","Carrier","Off","1","1","1","Off","1","2","None","Todos TGs","Off","Off","Off","Off","Normal Encryption","Off","Off","Off","Off","251.1","1","Off","Off","Off","Off","Off","Off","1","0","Off","0","1","0","0","0","0","0","0","0","0","0"
"181","CQ0DSI TS1","438.22500","430.62500","D-Digital","High","12.5K","Off","Off","Portugal","Group Call","268","CT0ZZZ","Always","Carrier","Off","1","1","1","Off","1","1","None","TS1 Tipicos","Off","Off","Off","Off","Normal Encryption","Off","Off","Off","Off","251.1","1","Off","Off","Off","Off","Off","Off","1","0","Off","0","1","0","0","0","0","0","0","0","0","0"
"182","CQ0DSI TS2","438.22500","430.62500","D-Digital","High","12.5K","Off","Off","Local","Group Call","2","CT0ZZZ","Always","Carrier","Off","1","1","1","Off","1","2","None","Todos TGs","Off","Off","Off","Off","Normal Encryption","Off","Off","Off","Off","251.1","1","Off","Off","Off","Off","Off","Off","1","0","Off","0","1","0","0","0","0","0","0","0","0","0"
"183","CQ0UCSC TS1","438.72500","431.12500","D-Digital","High","12.5K","Off","Off","Portugal","Group Call","268","CT0ZZZ","Always","Carrier","Off","1","1","1","Off","1","1","None","TS1 Tipicos","Off","Off","Off","Off","Normal Encryption","Off","Off","Off","Off","251.1","1","Off","Off","Off","Off","Off","Off","1","0","Off","0","1","0","0","0","0","0","0","0","0","0"
"184","CQ0UCSC TS2","438.72500","431.12500","D-Digital","High","12.5K","Off","Off","Local","Group Call","2","CT0ZZZ","Always","Carrier","Off","1","1","1","Off","1","2","None","Todos TGs","Off","Off","Off","Off","Normal Encryption","Off","Off","Off","Off","251.1","1","Off","Off","Off","Off","Off","Off","1","0","Off","0","1","0","0","0","0","0","0","0","0","0"
"185","CQ0DVA TS1","438.45000","430.85000","D-Digital","High","12.5K","Off","Off","Portugal","Group Call","268","CT0ZZZ","Always","Carrier","Off","1","1","1","Off","1","1","None","TS1 Tipicos","Off","Off","Off","Off","Normal Encryption","Off","Off","Off","Off","251.1","1","Off","Off","Off","Off","Off","Off","1","0","Off","0","1","0","0","0","0","0","0","0","0","0"
"186","CQ0DVA TS2","438.45000","430.85000","D-Digital","High","12.5K","Off","Off","Local","Group Call","2","CT0ZZZ","Always","Carrier","Off","1","1","1","Off","1","2","None","Todos TGs","Off","Off","Off","Off","Normal Encryption","Off","Off","Off","Off","251.1","1","Off","Off","Off","Off","Off","Off","1","0","Off","0","1","0","0","0","0","0","0","0","0","0"
"187","CQ0DPF TS1","438.20000","430.60000","D-Digital","High","12.5K","Off","Off","Portugal","Group Call","268","CT0ZZZ","Always","Carrier","Off","1","1","1","Off","2","1","None","TS1 Tipicos","Off","Off","Off","Off","Normal Encryption","Off","Off","Off","Off","251.1","1","Off","Off","Off","Off","Off","Off","1","0","Off","0","1","0","0","0","0","0","0","0","0","0"
"188","CQ0DPF TS2","438.20000","430.60000","D-Digital","High","12.5K","Off","Off","Local","Group Call","2","CT0ZZZ","Always","Carrier","Off","1","1","1","Off","2","2","None","Todos TGs","Off","Off","Off","Off","Normal Encryption","Off","Off","Off","Off","251.1","1","Off","Off","Off","Off","Off","Off","1","0","Off","0","1","0","0","0","0","0","0","0","0","0"
"189","CQ0UML TS1","438.85000","431.25000","D-Digital","High","12.5K","Off","Off","Portugal","Group Call","268","CT0ZZZ","Always","Carrier","Off","1","1","1","Off","1","1","None","TS1 Tipicos","Off","Off","Off","Off","Normal Encryption","Off","Off","Off","Off","251.1","1","Off","Off","Off","Off","Off","Off","1","0","Off","0","1","0","0","0","0","0","0","0","0","0"
"190","CQ0UML TS2","438.85000","431.25000","D-Digital","High","12.5K","Off","Off","Local","Group Call","2","CT0ZZZ","Always","Carrier","Off","1","1","1","Off","1","2","None","Todos TGs","Off","Off","Off","Off","Normal Encryption","Off","Off","Off","Off","251.1","1","Off","Off","Off","Off","Off","Off","1","0","Off","0","1","0","0","0","0","0","0","0","0","0"
"191","CQ1UB TS1","438.20000","430.60000","D-Digital","High","12.5K","Off","Off","Portugal","Group Call","268","CT0ZZZ","Always","Carrier","Off","1","1","1","Off","1","1","None","TS1 Tipicos","Off","Off","Off","Off","Normal Encryption","Off","Off","Off","Off","251.1","1","Off","Off","Off","Off","Off","Off","1","0","Off","0","1","0","0","0","0","0","0","0","0","0"
"192","CQ1UB TS2","438.20000","430.60000","D-Digital","High","12.5K","Off","Off","Ilhas Azores","Group Call","2686","CT0ZZZ","Always","Carrier","Off","1","1","1","Off","1","2","None","Todos TGs","Off","Off","Off","Off","Normal Encryption","Off","Off","Off","Off","251.1","1","Off","Off","Off","Off","Off","Off","1","0","Off","0","1","0","0","0","0","0","0","0","0","0"
"193","CQ0VMI TS1","145.77500","145.17500","D-Digital","High","12.5K","Off","Off","Portugal","Group Call","268","CT0ZZZ","Always","Carrier","Off","1","1","1","Off","1","1","None","TS1 Tipicos","Off","Off","Off","Off","Normal Encryption","Off","Off","Off","Off","251.1","1","Off","Off","Off","Off","Off","Off","1","0","Off","0","1","0","0","0","0","0","0","0","0","0"
"194","CQ0VMI TS2","145.77500","145.17500","D-Digital","High","12.5K","Off","Off","Local","Group Call","2","CT0ZZZ","Always","Carrier","Off","1","1","1","Off","1","2","None","Todos TGs","Off","Off","Off","Off","Normal Encryption","Off","Off","Off","Off","251.1","1","Off","Off","Off","Off","Off","Off","1","0","Off","0","1","0","0","0","0","0","0","0","0","0"
"195","CQ0DBO TS1","438.40000","430.80000","D-Digital","High","12.5K","Off","Off","Portugal","Group Call","268","CT0ZZZ","Always","Carrier","Off","1","1","1","Off","1","1","None","TS1 Tipicos","Off","Off","Off","Off","Normal Encryption","Off","Off","Off","Off","251.1","1","Off","Off","Off","Off","Off","Analog","1","0","Off","0","1","0","0","0","0","0","0","0","0","0"
"196","CQ0DBO TS2","438.40000","430.80000","D-Digital","High","12.5K","Off","Off","Regional","Group Call","8","CT0ZZZ","Always","Carrier","Off","1","1","1","Off","1","2","None","Todos TGs","Off","Off","Off","Off","Normal Encryption","Off","Off","Off","Off","251.1","1","Off","Off","Off","Off","Off","Off","1","0","Off","0","1","0","0","0","0","0","0","0","0","0"
"197","CQ0DAM TS1","438.22500","430.62500","D-Digital","High","12.5K","Off","Off","Portugal","Group Call","268","CT0ZZZ","Always","Carrier","Off","1","1","1","Off","1","1","None","TS1 Tipicos","Off","Off","Off","Off","Normal Encryption","Off","Off","Off","Off","251.1","1","Off","Off","Off","Off","Off","Off","1","0","Off","0","1","0","0","0","0","0","0","0","0","0"
"198","CQ0DAM TS2","438.22500","430.62500","D-Digital","High","12.5K","Off","Off","Local","Group Call","2","CT0ZZZ","Always","Carrier","Off","1","1","1","Off","1","2","None","Todos TGs","Off","Off","Off","Off","Normal Encryption","Off","Off","Off","Off","251.1","1","Off","Off","Off","Off","Off","Digital","2","0","Off","0","1","0","0","0","0","0","0","0","0","0"
"199","CQ0DGM TS1","438.25000","430.65000","D-Digital","High","12.5K","Off","Off","Portugal","Group Call","268","CT0ZZZ","Always","Carrier","Off","1","1","1","Off","1","1","None","TS1 Tipicos","Off","Off","Off","Off","Normal Encryption","Off","Off","Off","Off","251.1","1","Off","Off","Off","Off","Off","Off","1","0","Off","0","1","0","0","0","0","0","0","0","0","0"
"200","CQ0DGM TS2","438.25000","430.65000","D-Digital","High","12.5K","Off","Off","Regional","Group Call","8","CT0ZZZ","Always","Carrier","Off","1","1","1","Off","1","2","None","Todos TGs","Off","Off","Off","Off","Normal Encryption","Off","Off","Off","Off","251.1","1","Off","Off","Off","Off","Off","Off","1","0","Off","0","1","0","0","0","0","0","0","0","0","0"
"201","CQ1DAT TS1","145.58750","144.98750","D-Digital","High","12.5K","Off","Off","Portugal","Group Call","268","CT0ZZZ","Always","Carrier","Off","1","1","1","Off","1","1","None","TS1 Tipicos","Off","Off","Off","Off","Normal Encryption","Off","Off","Off","Off","251.1","1","Off","Off","Off","Off","Off","Off","1","0","Off","0","1","0","0","0","0","0","0","0","0","0"
"202","CQ1DAT TS2","145.58750","144.98750","D-Digital","High","12.5K","Off","Off","Local","Group Call","2","CT0ZZZ","Always","Carrier","Off","1","1","1","Off","1","2","None","Todos TGs","Off","Off","Off","Off","Normal Encryption","Off","Off","Off","Off","251.1","1","Off","Off","Off","Off","Off","Off","1","0","Off","0","1","0","0","0","0","0","0","0","0","0"
"203","CQ0DKE TS1","145.58750","144.98750","D-Digital","High","12.5K","Off","Off","Portugal","Group Call","268","CT0ZZZ","Always","Carrier","Off","1","1","1","Off","1","1","None","TS1 Tipicos","Off","Off","Off","Off","Normal Encryption","Off","Off","Off","Off","251.1","1","Off","Off","Off","Off","Off","Off","1","0","Off","0","1","0","0","0","0","0","0","0","0","0"
"204","CQ0DKE TS2","145.58750","144.98750","D-Digital","High","12.5K","Off","Off","Local","Group Call","2","CT0ZZZ","Always","Carrier","Off","1","1","1","Off","1","2","None","Todos TGs","Off","Off","Off","Off","Normal Encryption","Off","Off","Off","Off","251.1","1","Off","Off","Off","Off","Off","Off","1","0","Off","0","1","0","0","0","0","0","0","0","0","0"
"205","CQ0USA TS1","438.65000","431.05000","D-Digital","High","12.5K","Off","Off","Portugal","Group Call","268","CT0ZZZ","Always","Carrier","Off","1","1","1","Off","1","1","None","TS1 Tipicos","Off","Off","Off","Off","Normal Encryption","Off","Off","Off","Off","251.1","1","Off","Off","Off","Off","Off","Off","1","0","Off","0","1","0","0","0","0","0","0","0","0","0"
"206","CQ0USA TS2","438.65000","431.05000","D-Digital","High","12.5K","Off","Off","Local","Group Call","2","CT0ZZZ","Always","Carrier","Off","1","1","1","Off","1","2","None","Todos TGs","Off","Off","Off","Off","Normal Encryption","Off","Off","Off","Off","251.1","1","Off","Off","Off","Off","Off","Off","1","0","Off","0","1","0","0","0","0","0","0","0","0","0"
"207","CQ0DPD TS1","438.43750","430.83750","D-Digital","High","12.5K","Off","Off","Portugal","Group Call","268","CT0ZZZ","Always","Carrier","Off","1","1","1","Off","1","1","None","TS1 Tipicos","Off","Off","Off","Off","Normal Encryption","Off","Off","Off","Off","251.1","1","Off","Off","Off","Off","Off","Off","1","0","Off","0","1","0","0","0","0","0","0","0","0","0"
"208","CQ0DPD TS2","438.43750","430.83750","D-Digital","High","12.5K","Off","Off","Regional","Group Call","8","CT0ZZZ","Always","Carrier","Off","1","1","1","Off","1","2","None","Todos TGs","Off","Off","Off","Off","Normal Encryption","Off","Off","Off","Off","251.1","1","Off","Off","Off","Off","Off","Off","1","0","Off","0","1","0","0","0","0","0","0","0","0","0"
"209","CQ0DMV TS1","438.47500","430.87500","D-Digital","High","12.5K","Off","Off","Portugal","Group Call","268","CT0ZZZ","Always","Carrier","Off","1","1","1","Off","1","1","None","TS1 Tipicos","Off","Off","Off","Off","Normal Encryption","Off","Off","Off","Off","251.1","1","Off","Off","Off","Off","Off","Off","1","0","Off","0","1","0","0","0","0","0","0","0","0","0"
"210","CQ0DMV TS2","438.47500","430.87500","D-Digital","High","12.5K","Off","Off","Regional","Group Call","8","CT0ZZZ","Always","Carrier","Off","1","1","1","Off","1","2","None","Todos TGs","Off","Off","Off","Off","Normal Encryption","Off","Off","Off","Off","251.1","1","Off","Off","Off","Off","Off","Off","1","0","Off","0","1","0","0","0","0","0","0","0","0","0"
"211","CQ0DSO TS1","438.36250","430.76250","D-Digital","High","12.5K","Off","Off","Portugal","Group Call","268","CT0ZZZ","Always","Carrier","Off","1","1","1","Off","1","1","None","TS1 Tipicos","Off","Off","Off","Off","Normal Encryption","Off","Off","Off","Off","251.1","1","Off","Off","Off","Off","Off","Off","1","0","Off","0","1","0","0","0","0","0","0","0","0","0"
"212","CQ0DSO TS2","438.36250","430.76250","D-Digital","High","12.5K","Off","Off","Local","Group Call","2","CT0ZZZ","Always","Carrier","Off","1","1","1","Off","1","2","None","Todos TGs","Off","Off","Off","Off","Normal Encryption","Off","Off","Off","Off","251.1","1","Off","Off","Off","Off","Off","Off","1","0","Off","0","1","0","0","0","0","0","0","0","0","0"
"213","CQ0DSF TS1","438.20000","430.60000","D-Digital","High","12.5K","Off","Off","Portugal","Group Call","268","CT0ZZZ","Always","Carrier","Off","1","1","1","Off","1","1","None","TS1 Tipicos","Off","Off","Off","Off","Normal Encryption","Off","Off","Off","Off","251.1","1","Off","Off","Off","Off","Off","Off","1","0","Off","0","1","0","0","0","0","0","0","0","0","0"
"214","CQ0DSF TS2","438.20000","430.60000","D-Digital","High","12.5K","Off","Off","Regional","Group Call","8","CT0ZZZ","Always","Carrier","Off","1","1","1","Off","1","2","None","Todos TGs","Off","Off","Off","Off","Normal Encryption","Off","Off","Off","Off","251.1","1","Off","Off","Off","Off","Off","Off","1","0","Off","0","1","0","0","0","0","0","0","0","0","0"
"215","CQ0DFR TS1","438.50000","430.90000","D-Digital","High","12.5K","Off","Off","Portugal","Group Call","268","CT0ZZZ","Always","Carrier","Off","1","1","1","Off","1","1","None","TS1 Tipicos","Off","Off","Off","Off","Normal Encryption","Off","Off","Off","Off","251.1","1","Off","Off","Off","Off","Off","Off","1","0","Off","0","1","0","0","0","0","0","0","0","0","0"
"216","CQ0DFR TS2","438.50000","430.90000","D-Digital","High","12.5K","Off","Off","Regional","Group Call","8","CT0ZZZ","Always","Carrier","Off","1","1","1","Off","1","2","None","Todos TGs","Off","Off","Off","Off","Normal Encryption","Off","Off","Off","Off","251.1","1","Off","Off","Off","Off","Off","Off","1","0","Off","0","1","0","0","0","0","0","0","0","0","0"
"217","CQ0DLU TS1","438.40000","430.80000","D-Digital","High","12.5K","Off","Off","Portugal","Group Call","268","CT0ZZZ","Always","Carrier","Off","1","1","1","Off","1","1","None","TS1 Tipicos","Off","Off","Off","Off","Normal Encryption","Off","Off","Off","Off","251.1","1","Off","Off","Off","Off","Off","Off","1","0","Off","0","1","0","0","0","0","0","0","0","0","0"
"218","CQ0DLU TS2","438.40000","430.80000","D-Digital","High","12.5K","Off","Off","Regional","Group Call","8","CT0ZZZ","Always","Carrier","Off","1","1","1","Off","1","2","None","Todos TGs","Off","Off","Off","Off","Normal Encryption","Off","Off","Off","Off","251.1","1","Off","Off","Off","Off","Off","Off","1","0","Off","0","1","0","0","0","0","0","0","0","0","0"
"219","CQ0DTRZ TS1","438.31250","430.71250","D-Digital","High","12.5K","Off","Off","Portugal","Group Call","268","CT0ZZZ","Always","Carrier","Off","1","1","1","Off","1","1","None","TS1 Tipicos","Off","Off","Off","Off","Normal Encryption","Off","Off","Off","Off","251.1","1","Off","Off","Off","Off","Off","Digital","1","0","Off","0","1","0","0","0","0","0","0","0","0","0"
"220","CQ0DTRZ TS2","438.31250","430.71250","D-Digital","High","12.5K","Off","Off","Local","Group Call","2","CT0ZZZ","Always","Carrier","Off","1","1","1","Off","1","2","None","Todos TGs","Off","Off","Off","Off","Normal Encryption","Off","Off","Off","Off","251.1","1","Off","Off","Off","Off","Off","Digital","2","0","Off","0","1","0","0","0","0","0","0","0","0","0"
"221","CQ0DAB TS1","438.21250","430.61250","D-Digital","High","12.5K","Off","Off","Portugal","Group Call","268","CT0ZZZ","Always","Carrier","Off","1","1","1","Off","1","1","None","TS1 Tipicos","Off","Off","Off","Off","Normal Encryption","Off","Off","Off","Off","251.1","1","Off","Off","Off","Off","Off","Digital","1","0","Off","0","1","0","0","0","0","0","0","0","0","0"
"222","CQ0DAB TS2","438.21250","430.61250","D-Digital","High","12.5K","Off","Off","Local","Group Call","2","CT0ZZZ","Always","Carrier","Off","1","1","1","Off","1","2","None","Todos TGs","Off","Off","Off","Off","Normal Encryption","Off","Off","Off","Off","251.1","1","Off","Off","Off","Off","Off","Digital","1","0","Off","0","1","0","0","0","0","0","0","0","0","0"
"223","CQ0DRX TS1","438.30000","430.70000","D-Digital","High","12.5K","Off","Off","Portugues","Group Call","915","CT0ZZZ","Always","Carrier","Off","1","1","1","Off","1","1","None","TS1 Tipicos","Off","Off","Off","Off","Normal Encryption","Off","Off","Off","Off","251.1","1","Off","Off","Off","Off","Off","Analog","1","0","Off","0","1","0","0","0","0","0","0","0","0","0"
"224","CQ0DRX TS2","438.30000","430.70000","D-Digital","High","12.5K","Off","Off","Regional","Group Call","8","CT0ZZZ","Always","Carrier","Off","1","1","1","Off","1","2","None","Todos TGs","Off","Off","Off","Off","Normal Encryption","Off","Off","Off","Off","251.1","1","Off","Off","Off","Off","Off","Digital","1","0","Off","0","1","0","0","0","0","0","0","0","0","0"
"225","CQ0DFF TS1","438.36250","430.76250","D-Digital","High","12.5K","Off","Off","Portugal","Group Call","268","CT0ZZZ","Always","Carrier","Off","1","1","1","Off","1","1","None","TS1 Tipicos","Off","Off","Off","Off","Normal Encryption","Off","Off","Off","Off","251.1","1","Off","Off","Off","Off","Off","Off","1","0","Off","0","1","0","0","0","0","0","0","0","0","0"
"226","CQ0DFF TS2","438.36250","430.76250","D-Digital","High","12.5K","Off","Off","Local","Group Call","2","CT0ZZZ","Always","Carrier","Off","1","1","1","Off","1","2","None","Todos TGs","Off","Off","Off","Off","Normal Encryption","Off","Off","Off","Off","251.1","1","Off","Off","Off","Off","Off","Off","1","0","Off","0","1","0","0","0","0","0","0","0","0","0"
"227","CQ0DUG TS1","438.27500","430.67500","D-Digital","High","12.5K","Off","Off","Portugal","Group Call","268","CT0ZZZ","Always","Carrier","Off","1","1","1","Off","1","1","None","TS1 Tipicos","Off","Off","Off","Off","Normal Encryption","Off","Off","Off","Off","251.1","1","Off","Off","Off","Off","Off","Off","1","0","Off","0","1","0","0","0","0","0","0","0","0","0"
"228","CQ0DUG TS2","438.27500","430.67500","D-Digital","High","12.5K","Off","Off","Local","Group Call","2","CT0ZZZ","Always","Carrier","Off","1","1","1","Off","1","2","None","Todos TGs","Off","Off","Off","Off","Normal Encryption","Off","Off","Off","Off","251.1","1","Off","Off","Off","Off","Off","Off","1","0","Off","0","1","0","0","0","0","0","0","0","0","0"
"229","CQ0DLIZ TS1","438.20000","430.60000","D-Digital","High","12.5K","Off","Off","Portugal","Group Call","268","CT0ZZZ","Always","Carrier","Off","1","1","1","Off","1","1","None","TS1 Tipicos","Off","Off","Off","Off","Normal Encryption","Off","Off","Off","Off","251.1","1","Off","Off","Off","Off","Off","Off","1","0","Off","0","1","0","0","0","0","0","0","0","0","0"
"230","CQ0DLIZ TS2","438.20000","430.60000","D-Digital","High","12.5K","Off","Off","Local","Group Call","2","CT0ZZZ","Always","Carrier","Off","1","1","1","Off","1","2","None","Todos TGs","Off","Off","Off","Off","Normal Encryption","Off","Off","Off","Off","251.1","1","Off","Off","Off","Off","Off","Off","1","0","Off","0","1","0","0","0","0","0","0","0","0","0"
"231","CQ0DCD TS1","438.38750","430.78750","D-Digital","High","12.5K","Off","Off","Portugal","Group Call","268","CT0ZZZ","Always","Carrier","Off","1","1","1","Off","1","1","None","TS1 Tipicos","Off","Off","Off","Off","Normal Encryption","Off","Off","Off","Off","251.1","1","Off","Off","Off","Off","Off","Off","1","0","Off","0","1","0","0","0","0","0","0","0","0","0"
"232","CQ0DCD TS2","438.38750","430.78750","D-Digital","High","12.5K","Off","Off","Local","Group Call","2","CT0ZZZ","Always","Carrier","Off","1","1","1","Off","1","2","None","Todos TGs","Off","Off","Off","Off","Normal Encryption","Off","Off","Off","Off","251.1","1","Off","Off","Off","Off","Off","Off","1","0","Off","0","1","0","0","0","0","0","0","0","0","0"
"233","CQ0DCRE TS1","438.50000","430.90000","D-Digital","High","12.5K","Off","Off","Portugal","Group Call","268","CT0ZZZ","Always","Carrier","Off","1","1","1","Off","1","1","None","TS1 Tipicos","Off","Off","Off","Off","Normal Encryption","Off","Off","Off","Off","251.1","1","Off","Off","Off","Off","Off","Off","1","0","Off","0","1","0","0","0","0","0","0","0","0","0"
"234","CQ0DCRE TS2","438.50000","430.90000","D-Digital","High","12.5K","Off","Off","Local","Group Call","2","CT0ZZZ","Always","Carrier","Off","1","1","1","Off","1","2","None","Todos TGs","Off","Off","Off","Off","Normal Encryption","Off","Off","Off","Off","251.1","1","Off","Off","Off","Off","Off","Off","1","0","Off","0","1","0","0","0","0","0","0","0","0","0"
"235","CQ0DCM TS1","438.36250","430.76250","D-Digital","High","12.5K","Off","Off","PT Hotspot 2","Group Call","268915","CT0ZZZ","Always","Carrier","Off","1","1","1","Off","1","1","None","TS1 Tipicos","Off","Off","Off","Off","Normal Encryption","Off","Off","Off","Off","251.1","1","Off","Off","Off","Off","Off","Off","1","0","Off","0","1","0","0","0","0","0","0","0","0","0"
"236","CQ0DCM TS2","438.36250","430.76250","D-Digital","High","12.5K","Off","Off","Local","Group Call","2","CT0ZZZ","Always","Carrier","Off","1","1","1","Off","1","2","None","Todos TGs","Off","Off","Off","Off","Normal Encryption","Off","Off","Off","Off","251.1","1","Off","Off","Off","Off","Off","Off","1","0","Off","0","1","0","0","0","0","0","0","0","0","0"
"237","CQ0DMJ TS1","438.43750","430.83750","D-Digital","High","12.5K","Off","Off","Portugal","Group Call","268","CT0ZZZ","Always","Carrier","Off","1","1","1","Off","1","1","None","TS1 Tipicos","Off","Off","Off","Off","Normal Encryption","Off","Off","Off","Off","251.1","1","Off","Off","Off","Off","Off","Off","1","0","Off","0","1","0","0","0","0","0","0","0","0","0"
"238","CQ0DMJ TS2","438.43750","430.83750","D-Digital","High","12.5K","Off","Off","Local","Group Call","2","CT0ZZZ","Always","Carrier","Off","1","1","1","Off","1","2","None","Todos TGs","Off","Off","Off","Off","Normal Encryption","Off","Off","Off","Off","251.1","1","Off","Off","Off","Off","Off","Off","1","0","Off","0","1","0","0","0","0","0","0","0","0","0"
"239","CQ0DMTV TS1","438.51250","430.91250","D-Digital","High","12.5K","Off","Off","Portugal","Group Call","268","CT0ZZZ","Always","Carrier","Off","1","1","1","Off","1","1","None","TS1 Tipicos","Off","Off","Off","Off","Normal Encryption","Off","Off","Off","Off","251.1","1","Off","Off","Off","Off","Off","Off","1","0","Off","0","1","0","0","0","0","0","0","0","0","0"
"240","CQ0DMTV TS2","438.51250","430.91250","D-Digital","High","12.5K","Off","Off","Local","Group Call","2","CT0ZZZ","Always","Carrier","Off","1","1","1","Off","1","2","None","Todos TGs","Off","Off","Off","Off","Normal Encryption","Off","Off","Off","Off","251.1","1","Off","Off","Off","Off","Off","Off","1","0","Off","0","1","0","0","0","0","0","0","0","0","0"
"241","CQ0DMQ TS1","438.42500","430.82500","D-Digital","High","12.5K","Off","Off","Portugal","Group Call","268","CT0ZZZ","Always","Carrier","Off","1","1","1","Off","1","1","None","TS1 Tipicos","Off","Off","Off","Off","Normal Encryption","Off","Off","Off","Off","251.1","1","Off","Off","Off","Off","Off","Off","1","0","Off","0","1","0","0","0","0","0","0","0","0","0"
"242","CQ0DMQ TS2","438.42500","430.82500","D-Digital","High","12.5K","Off","Off","Local","Group Call","2","CT0ZZZ","Always","Carrier","Off","1","1","1","Off","1","2","None","Todos TGs","Off","Off","Off","Off","Normal Encryption","Off","Off","Off","Off","251.1","1","Off","Off","Off","Off","Off","Off","1","0","Off","0","1","0","0","0","0","0","0","0","0","0"
"243","CQ0DMS TS1","438.27500","430.67500","D-Digital","High","12.5K","Off","Off","Portugal","Group Call","268","CT0ZZZ","Always","Carrier","Off","1","1","1","Off","1","1","None","TS1 Tipicos","Off","Off","Off","Off","Normal Encryption","Off","Off","Off","Off","251.1","1","Off","Off","Off","Off","Off","Analog","1","0","Off","0","1","0","0","0","0","0","0","0","0","0"
"244","CQ0DMS TS2","438.27500","430.67500","D-Digital","High","12.5K","Off","Off","PT Hotspot 1","Group Call","268911","CT0ZZZ","Always","Carrier","Off","1","1","1","Off","1","2","None","Todos TGs","Off","Off","Off","Off","Normal Encryption","Off","Off","Off","Off","251.1","1","Off","Off","Off","Off","Off","Off","1","0","Off","0","1","0","0","0","0","0","0","0","0","0"
"245","CQ0DOD TS1","438.31250","430.71250","D-Digital","High","12.5K","Off","Off","Portugal","Group Call","268","CT0ZZZ","Always","Carrier","Off","1","1","1","Off","1","1","None","TS1 Tipicos","Off","Off","Off","Off","Normal Encryption","Off","Off","Off","Off","251.1","1","Off","Off","Off","Off","Off","Off","1","0","Off","0","1","0","0","0","0","0","0","0","0","0"
"246","CQ0DOD TS2","438.31250","430.71250","D-Digital","High","12.5K","Off","Off","Local","Group Call","2","CT0ZZZ","Always","Carrier","Off","1","1","1","Off","1","2","None","Todos TGs","Off","Off","Off","Off","Normal Encryption","Off","Off","Off","Off","251.1","1","Off","Off","Off","Off","Off","Off","1","0","Off","0","1","0","0","0","0","0","0","0","0","0"
"247","CQ0DST TS1","438.25000","430.65000","D-Digital","High","12.5K","Off","Off","Portugal","Group Call","268","CT0ZZZ","Always","Carrier","Off","1","1","1","Off","1","1","None","TS1 Tipicos","Off","Off","Off","Off","Normal Encryption","Off","Off","Off","Off","251.1","1","Off","Off","Off","Off","Off","Off","1","0","Off","0","1","0","0","0","0","0","0","0","0","0"
"248","CQ0DST TS2","438.25000","430.65000","D-Digital","High","12.5K","Off","Off","Local","Group Call","2","CT0ZZZ","Always","Carrier","Off","1","1","1","Off","1","2","None","Todos TGs","Off","Off","Off","Off","Normal Encryption","Off","Off","Off","Off","251.1","1","Off","Off","Off","Off","Off","Off","1","0","Off","0","1","0","0","0","0","0","0","0","0","0"
"249","CQ0DCSC TS1","438.47500","430.87500","D-Digital","High","12.5K","Off","Off","Portugal","Group Call","268","CT0ZZZ","Always","Carrier","Off","1","1","1","Off","1","1","None","TS1 Tipicos","Off","Off","Off","Off","Normal Encryption","Off","Off","Off","Off","251.1","1","Off","Off","Off","Off","Off","Off","1","0","Off","0","1","0","0","0","0","0","0","0","0","0"
"250","CQ0DCSC TS2","438.47500","430.87500","D-Digital","High","12.5K","Off","Off","Regional","Group Call","8","CT0ZZZ","Always","Carrier","Off","1","1","1","Off","1","2","None","Todos TGs","Off","Off","Off","Off","Normal Encryption","Off","Off","Off","Off","251.1","1","Off","Off","Off","Off","Off","Off","1","0","Off","0","1","0","0","0","0","0","0","0","0","0"
"251","CQ0DSS TS1","438.53750","430.93750","D-Digital","High","12.5K","Off","Off","PT Hotspot 2","Group Call","268915","CT0ZZZ","Always","Carrier","Off","1","1","1","Off","1","1","None","TS1 Tipicos","Off","Off","Off","Off","Normal Encryption","Off","Off","Off","Off","251.1","1","Off","Off","Off","Off","Off","Off","1","0","Off","0","1","0","0","0","0","0","0","0","0","0"
"252","CQ0DSS TS2","438.53750","430.93750","D-Digital","High","12.5K","Off","Off","Local","Group Call","2","CT0ZZZ","Always","Carrier","Off","1","1","1","Off","1","2","None","Todos TGs","Off","Off","Off","Off","Normal Encryption","Off","Off","Off","Off","251.1","1","Off","Off","Off","Off","Off","Off","1","0","Off","0","1","0","0","0","0","0","0","0","0","0"
"253","CQ0DEC TS1","438.57500","430.97500","D-Digital","High","12.5K","Off","Off","Portugal","Group Call","268","CT0ZZZ","Always","Carrier","Off","1","1","1","Off","1","1","None","TS1 Tipicos","Off","Off","Off","Off","Normal Encryption","Off","Off","Off","Off","251.1","1","Off","Off","Off","Off","Off","Off","1","0","Off","0","1","0","0","0","0","0","0","0","0","0"
"254","CQ0DEC TS2","438.57500","430.97500","D-Digital","High","12.5K","Off","Off","Local","Group Call","2","CT0ZZZ","Always","Carrier","Off","1","1","1","Off","1","2","None","Todos TGs","Off","Off","Off","Off","Normal Encryption","Off","Off","Off","Off","251.1","1","Off","Off","Off","Off","Off","Off","1","0","Off","0","1","0","0","0","0","0","0","0","0","0"
"255","CQ0DMA TS1","438.35000","430.75000","D-Digital","High","12.5K","Off","Off","Portugal","Group Call","268","CT0ZZZ","Always","Carrier","Off","1","1","1","Off","1","1","None","TS1 Tipicos","Off","Off","Off","Off","Normal Encryption","Off","Off","Off","Off","251.1","1","Off","Off","Off","Off","Off","Off","1","0","Off","0","1","0","0","0","0","0","0","0","0","0"
"256","CQ0DMA TS2","438.35000","430.75000","D-Digital","High","12.5K","Off","Off","Local","Group Call","2","CT0ZZZ","Always","Carrier","Off","1","1","1","Off","1","2","None","Todos TGs","Off","Off","Off","Off","Normal Encryption","Off","Off","Off","Off","251.1","1","Off","Off","Off","Off","Off","Off","1","0","Off","0","1","0","0","0","0","0","0","0","0","0"
"257","CQ0DLA TS1","438.60000","431.00000","D-Digital","High","12.5K","Off","Off","Portugal","Group Call","268","CT0ZZZ","Always","Carrier","Off","1","1","1","Off","1","1","None","TS1 Tipicos","Off","Off","Off","Off","Normal Encryption","Off","Off","Off","Off","251.1","1","Off","Off","Off","Off","Off","Off","1","0","Off","0","1","0","0","0","0","0","0","0","0","0"
"258","CQ0DLA TS2","438.60000","431.00000","D-Digital","High","12.5K","Off","Off","Local","Group Call","2","CT0ZZZ","Always","Carrier","Off","1","1","1","Off","1","2","None","Todos TGs","Off","Off","Off","Off","Normal Encryption","Off","Off","Off","Off","251.1","1","Off","Off","Off","Off","Off","Off","1","0","Off","0","1","0","0","0","0","0","0","0","0","0"
"259","CQ0DS TS1","438.22500","430.62500","D-Digital","High","12.5K","Off","Off","Portugal","Group Call","268","CT0ZZZ","Always","Carrier","Off","1","1","1","Off","1","1","None","TS1 Tipicos","Off","Off","Off","Off","Normal Encryption","Off","Off","Off","Off","251.1","1","Off","Off","Off","Off","Off","Off","1","0","Off","0","1","0","0","0","0","0","0","0","0","0"
"260","CQ0DS TS2","438.22500","430.62500","D-Digital","High","12.5K","Off","Off","Local","Group Call","2","CT0ZZZ","Always","Carrier","Off","1","1","1","Off","1","2","None","Todos TGs","Off","Off","Off","Off","Normal Encryption","Off","Off","Off","Off","251.1","1","Off","Off","Off","Off","Off","Off","1","0","Off","0","1","0","0","0","0","0","0","0","0","0"
"261","CQ1DUR TS1","438.33750","430.73750","D-Digital","High","12.5K","Off","Off","Portugal","Group Call","268","CT0ZZZ","Always","Carrier","Off","1","1","1","Off","1","1","None","TS1 Tipicos","Off","Off","Off","Off","Normal Encryption","Off","Off","Off","Off","251.1","1","Off","Off","Off","Off","Off","Off","1","0","Off","0","1","0","0","0","0","0","0","0","0","0"
"262","CQ1DUR TS2","438.33750","430.73750","D-Digital","High","12.5K","Off","Off","Local","Group Call","2","CT0ZZZ","Always","Carrier","Off","1","1","1","Off","1","2","None","Todos TGs","Off","Off","Off","Off","Normal Encryption","Off","Off","Off","Off","251.1","1","Off","Off","Off","Off","Off","Off","1","0","Off","0","1","0","0","0","0","0","0","0","0","0"
"263","CQ1DCG TS1","438.30000","430.70000","D-Digital","High","12.5K","Off","Off","PT Hotspot 2","Group Call","268915","CT0ZZZ","Always","Carrier","Off","1","1","1","Off","1","1","None","TS1 Tipicos","Off","Off","Off","Off","Normal Encryption","Off","Off","Off","Off","251.1","1","Off","Off","Off","Off","Off","Off","1","0","Off","0","1","0","0","0","0","0","0","0","0","0"
"264","CQ1DCG TS2","438.30000","430.70000","D-Digital","High","12.5K","Off","Off","Ilhas Azores","Group Call","2686","CT0ZZZ","Always","Carrier","Off","1","1","1","Off","1","2","None","Todos TGs","Off","Off","Off","Off","Normal Encryption","Off","Off","Off","Off","251.1","1","Off","Off","Off","Off","Off","Off","1","0","Off","0","1","0","0","0","0","0","0","0","0","0"
"265","CQ0DMI TS1","438.47500","430.87500","D-Digital","High","12.5K","Off","Off","Portugal","Group Call","268","CT0ZZZ","Always","Carrier","Off","1","1","1","Off","1","1","None","TS1 Tipicos","Off","Off","Off","Off","Normal Encryption","Off","Off","Off","Off","251.1","1","Off","Off","Off","Off","Off","Off","1","0","Off","0","1","0","0","0","0","0","0","0","0","0"
"266","CQ0DMI TS2","438.47500","430.87500","D-Digital","High","12.5K","Off","Off","Local","Group Call","2","CT0ZZZ","Always","Carrier","Off","1","1","1","Off","1","2","None","Todos TGs","Off","Off","Off","Off","Normal Encryption","Off","Off","Off","Off","251.1","1","Off","Off","Off","Off","Off","Off","1","0","Off","0","1","0","0","0","0","0","0","0","0","0"
"267","APRS","144.80000","144.80000","A-Analog","High","12.5K","Off","Off","Emergencia","Group Call","268112","CT0ZZZ","Off","Carrier","Off","1","1","1","Off","1","1","None","None","Off","Off","Off","Off","Normal Encryption","Off","Off","Off","Off","251.1","1","Off","On","On","Start Of Transmission","Off","Analog","1","0","Off","0","0","0","0","0","0","0","0","0","0","0"
"4001","Channel VFO A","430.00000","430.00000","D-Digital","Turbo","25K","Off","Off","Portugal","Group Call","268","CT0ZZZ","Always","Carrier","Off","1","1","1","Off","1","1","None","None","Off","Off","Off","Off","Normal Encryption","Off","Off","Off","Off","131.8","1","Off","Off","Off","Off","Off","Analog","1","0","Off","0","1","1","0","0","0","0","0","0","0","0"
"4002","Channel VFO B","145.52500","145.52500","A-Analog","Turbo","25K","Off","Off","Emergencia","Group Call","268112","CT0ZZZ","Off","Carrier","Off","1","1","1","Off","1","1","None","None","Off","Off","Off","Off","Normal Encryption","Off","Off","Off","Off","131.8","1","Off","Off","On","Off","Off","Off","2","0","Off","0","1","1","0","0","0","0","0","0","0","0"
